Temperature_C,pH,Chloride_ppm,Flow_Velocity_ms,Corrosion_Rate_mm_per_year
68.69021545015713,5.093645469887248,5741.358988921748,3.2764590749813283,0.481797007701698
143.59285983328908,4.975830392575999,8064.051676534864,0.9446931743153145,0.7142214888096492
115.15921243548266,10.250036644168294,7613.601251412082,4.374733360438593,0.6324582533776049
97.82560294561476,4.996369598796049,1581.3040517030481,3.104269571439284,0.37425948586793417
40.28242325751675,5.175597809029048,1535.0322239276654,0.8702990294290759,0.16815787476786886
40.27928764370634,9.07518609934371,2718.3349590618877,4.815456481657914,0.32923689755906776
27.550869581865932,6.59791873960432,3642.6935270933204,2.639990770343071,0.21252693297573091
132.60289895074158,9.213684455641449,4114.133035014402,0.4572024141711095,0.4927338591172292
98.14495152661715,3.522929260515082,6812.987307491785,3.17148123163383,0.686004858535631
112.04943511348591,6.9005695493870745,613.9703000500623,1.3406746443627704,0.28822683030198415
22.675984258454317,3.268908801466261,394.99340704936054,4.038097914198782,0.3028047919472805
146.08828078105927,3.501225627642836,3949.510101291895,4.107328160474334,0.6993961948005113
128.21754330405483,10.251499626755287,6986.778736772905,4.896842043687843,0.7834269699605243
47.6040843881759,4.113962968940761,1974.6816624170015,2.5591607020200686,0.3790099638176448
43.63724573692308,7.259365458201737,6432.9695884997045,2.3292887106659124,0.4646016699798571
43.84258628094639,6.288764820805652,2635.2899725059797,3.7920304666877556,0.18356460559064913
59.55149158473991,5.778746610070741,8866.556782694488,0.7491062160754401,0.5426883474659082
88.21833611219093,10.19866676549818,8962.114945452835,2.7798860175863087,0.7232192387051127
76.15285242347505,3.174587174203916,3008.0076825991987,2.77661324064117,0.6172510756622844
57.85978822574545,8.310317489404714,2338.437851934243,0.5384183017708974,0.23190292958946765
99.54087631390934,10.707155473708404,4142.474522059001,2.1481220189838766,0.6003927039860757
38.13420188476544,7.4813454676947355,2443.28927254248,4.28109551297929,0.2550802493850663
57.97880430957836,10.494579696264735,6740.219240752451,4.295152747773836,0.6068735554152842
67.62703962817992,3.41806303428819,8269.343611255441,0.586264558106437,0.6382654212255879
79.28909794821467,6.350346552593291,6747.266702566609,0.5445323254643712,0.39129344733569027
122.07287498109177,5.081262327696409,8252.286950131027,1.3872078373094832,0.6523169287442612
45.957591680586766,8.846567719845838,4000.0720139643677,4.386353706514568,0.3960860284108638
86.8504769937695,10.850376723977973,1605.3538585531655,0.7316226668601449,0.5204351293460672
97.01389395206552,5.0522404995539825,7392.611926606042,3.627984332874487,0.6182658023818361
26.038553653599706,8.233396811792595,3636.721326158461,0.5957115361042058,0.16445192624371446
98.98083074718699,4.584781062077921,6729.144711029869,3.1533754833643446,0.5459126180777355
42.1681360793479,7.522642036572879,2742.9072227185684,1.8447297656838098,0.18671055926743935
28.456707088086336,6.71145989350669,858.2348663263931,3.965678418532749,0.10639698144361581
143.35511984293333,10.776042637052296,9926.188865103246,1.245083199244282,0.9433377246162475
145.5321642996927,7.8682181815717325,1604.205003909463,3.2320889640108037,0.37913525072876814
125.09165525513994,5.79605097669455,9884.788889936637,1.2548444194218364,0.6267712949101867
59.59978999253819,3.912766279103467,9773.93532903615,3.596935387249554,0.7105695582687771
32.69737482082991,4.2099746298794765,7948.490133884994,4.381022369347669,0.5520737986371637
108.9502934465804,4.802535439609881,6611.2584727158755,0.7213288157211242,0.5047004205458331
77.21982418614817,5.007733290722384,5799.180149998293,4.3463188741179675,0.45391188006670896
35.86497052982125,9.804928462729102,8667.710376509454,3.00851874663006,0.579419210437521
84.37299831446512,7.489782306260199,2929.923240113905,0.7228414052484174,0.2618526385300322
24.47050774497839,7.1871272909949315,4703.428064224527,2.1949550912625893,0.2517595086992982
138.21165227024167,3.9181509749537398,6212.9301951966945,0.8882154380769797,0.6840594565175715
53.6413976080022,9.88111754679548,4141.345234901437,3.531704655446191,0.41802358757427466
106.12789696601766,8.78251442566787,4303.490218198166,3.8184538586479535,0.4946791150525731
60.52243989162342,3.5413468952000127,3336.33244164574,0.6184029493367149,0.42244535201683836
87.60884275311541,8.66268077783815,5664.106576011133,2.5800852782037578,0.4064801387814505
91.07233631462636,7.3483057387411685,8513.216553750404,4.091662774526994,0.6551225418366285
44.03107921831851,3.653802765974226,2055.207361162813,4.6871989035998824,0.35195488897828664
146.04600160939262,6.666405132229252,9347.608735596743,2.6162375470346735,0.5742871333155906
120.76726703694489,6.877570297040376,6906.4221547948855,4.756368195695894,0.5372909763686069
142.13486240334458,4.326196321306206,8241.5684661663,2.7248759552345465,0.6265236651863091
136.32755555559436,10.565585176002259,5584.097391668616,2.0315334235395492,0.7088358377916453
97.72699724544107,9.799802971845295,7806.191179169432,4.256195329909188,0.760316454180878
139.8436505530052,8.352178698632866,211.19395352769874,2.515615281244637,0.2254906772401709
31.504025266749537,6.698364488004858,8192.885226556376,2.4123223017661632,0.3043422755368063
45.47777211448887,6.294124332676068,449.38164789939685,2.502531198108159,0.05129164610276768
25.87954755836995,8.207787737207633,8904.638094810482,4.249246509161752,0.5025075878419497
62.292942999224366,7.363454955255244,9920.029335024501,4.176513554271455,0.5837170289816527
70.52804765963266,3.498184847055085,2975.971248658939,2.077247962957035,0.4698160765564495
55.275374130606465,7.1000211901626535,2142.669635043647,1.7331693133655728,0.22650482583243803
127.73587618975081,9.451228937862716,7665.365470387505,2.510447317791734,0.727263347437224
66.3779324701666,6.6739190207756645,2567.61209215652,2.9065852977118345,0.3216591705816356
56.5214862593595,3.4156526204341473,8662.345712563425,1.2678523320771853,0.6989972024547113
90.5504908105723,9.290225595072265,1073.2837919668932,3.9903799151063946,0.2058222890533588
38.32014924671914,4.610910257087795,1303.2542039746147,2.4837655520888724,0.21001009163980616
124.28560749802516,5.06896667910431,9792.557973251125,1.7368231872578022,0.6699905235973304
29.691583678370208,4.317650827458367,6754.697037786546,0.623422865523554,0.46344920583276655
148.29530175806724,5.64172051897198,8476.52788306808,1.2703412859776742,0.6303364057147016
120.39182000856546,9.05401204550908,3277.0773046476043,4.75147774160432,0.4940952220866982
45.83303859944242,7.155086876031499,6781.013307730014,1.5949884654156805,0.4261027331040275
20.717875226068312,4.6390501932057004,5962.706181720542,0.9274105178984731,0.393449330380626
126.00998569912844,10.022640625216326,6051.343695223322,2.3572966791094667,0.7058243056876845
111.89145470019022,10.036654839612233,6841.1979724003295,1.6047299424652188,0.6753557251387349
114.77093184532835,9.964627400368055,5774.8237726345305,0.27228032632885135,0.6062365756756376
120.26514506917295,4.910369691052314,4319.170574561526,1.6834115646691448,0.518685249860502
29.62580472543175,6.609914753447905,2795.430809086441,2.766132257303396,0.18928255289171542
66.60054471075543,10.879917249127,7697.38424258636,2.803390622897838,0.8401599066280079
35.062977738266866,9.176099810479922,2301.4106785317026,1.8471387137667548,0.19086407241401163
132.20344536382714,3.2173393698044785,6938.925346236421,2.2917835056377434,0.775398827864668
101.02875648758253,3.5216367300839364,2371.6615853608,4.831037799350355,0.5208295687649223
63.0167432308444,6.711451014498662,6272.035191046816,1.9490075384285273,0.3930434630456912
28.26258553718307,10.273761646892481,7483.428757933838,1.3653113849739167,0.6418823706128612
60.42770182303609,7.309614383621714,2226.203194620065,1.2929885159271248,0.20241844604143927
62.27383186347711,6.982500064274322,646.4358435700174,2.3430466022502574,0.07800915475037963
114.84880318394833,3.8437895996530447,1353.1887427920321,3.821648728713026,0.5089542365853803
102.88247127617771,8.254240837794352,6079.6698243467035,1.1093421025235188,0.4936303638519642
135.33765653492244,9.576825284801803,8501.991741946069,3.575551022989764,0.6241880930439483
81.38794027105341,6.043360060060499,497.71837129247245,0.20363413441213982,0.182258935772474
35.54725197197922,9.20489480740262,7354.80502746438,2.152771592121336,0.38982451283572184
112.72182233898936,10.715813231206493,3446.120527203019,3.901738819493656,0.5879739303261067
118.90205632019666,4.630131673021513,4811.357280699249,1.7597914832947141,0.47081664960851155
92.96603568403451,7.18663704955793,9292.152520963378,2.8623117970824574,0.5869614071715211
120.22573339409293,5.297103664676604,3353.1164721216624,1.104398240846963,0.40902489980733026
84.1934275273708,9.342835352270715,4680.102492697886,3.7357774165182445,0.39068330784137606
87.95526781965923,7.62074692704926,186.140026868777,0.3561676060169222,0.21734152003894197
75.58033238661145,8.07665934040243,861.9072640481418,4.277458959889952,0.13545130269719163
23.304486476732375,9.383313276927153,2622.9863317911013,1.071162293466174,0.2913852129367866
34.02588550912958,6.167763781299639,327.12979616969034,4.384550355370821,0.07328064296554812
24.085794139275453,10.320720547256347,6332.184494180097,1.8273932823725352,0.5157099439274745
102.73335346429145,7.26423093796912,4292.663650176144,3.641149514924985,0.38739661338423603
60.866277539922464,4.263638582682784,5504.04476714382,1.6642039591523237,0.5096192923796178
86.11418985141135,8.56719294535042,1787.739499668479,4.538967189049773,0.35280370309723996
137.9836416103921,9.346090803506035,2994.5236928943305,0.7205219150400344,0.4662760485194914
52.40798978935374,5.534093416540213,6655.053524784615,0.9747469674357337,0.42243722955788693
73.34977999463186,9.857434055990023,9654.762100122478,2.5158476132781313,0.6685505342369265
118.22164801059633,10.249146038126131,551.6468973419815,0.5014983512869161,0.4516215745401475
49.74376151391092,5.215235899022471,8909.323992509897,1.0603029050386334,0.5387123161287312
30.00738827774309,10.868171781721777,5789.967953046525,4.7244552728388705,0.6019035368067539
57.667688878789846,4.125692224390067,5660.999689218456,4.884799339624647,0.4193035919685496
40.958767343020575,4.61612534721992,5027.771425317215,1.9436707137190679,0.4150637281456568
140.8606948045345,4.473798713904209,740.4711547466247,4.624101502968284,0.43833951855642395
125.0556493433742,10.151917680062963,944.2746747747987,2.769640910799816,0.4319005894149311
102.34248834635505,8.234340418599695,6029.074456307907,1.4217380827814587,0.38908736166874686
133.2898767244033,4.216834265778183,3442.5377857838052,3.5417537332949336,0.6086596697657759
124.47736999688487,6.522587346946792,9176.817262447923,3.3286188522168008,0.6257360212137667
44.254107655184654,7.922384200558416,4095.575846726749,4.946714063632793,0.2663584136584482
136.0326698036971,3.6677126799150663,1475.6505140912789,1.3987317083054884,0.46684638822226027
90.11449144903459,10.05933094725871,7161.452393345258,3.393091563042504,0.6008234420007607
124.96722017132812,9.428828283532281,2968.866543338048,0.3549163996442898,0.5169446318773305
136.49186899005412,7.041654188613106,5278.429558191137,0.6568655896139252,0.455057268443212
61.3404517463423,10.737012922073363,6993.436215776442,0.119200037260357,0.6373949691632056
34.30675018859798,6.342087834200798,9007.6279064606,4.9973573371923985,0.4802070949602707
49.631571130452414,10.872882552291983,7932.302388276677,4.031141116022641,0.681603643173904
75.52401252141331,8.343359990429017,6779.7926253336045,3.95494277219435,0.5274545561936389
126.3419195699241,8.077370186031532,6812.350164831679,2.597657768912081,0.5913420772627764
131.89497582332464,4.32763916236628,9461.95020811926,1.5703287062366558,0.7352480102961403
20.903776969054793,10.055422066437153,2993.4497700905335,0.841194993867112,0.3270108184176312
86.39714933508354,6.419917503364921,61.06533725206471,1.4949062203476722,0.04093499165400541
74.26343040934127,4.297867246259835,2755.9478660120767,1.942258987452782,0.3191718683656427
48.874015361194935,3.1008601598060723,2218.0192272861027,3.8059194752034413,0.42852616013687145
35.58249775337876,7.478045469107061,6635.254121884282,2.744342765625447,0.3559701955923592
63.88997228247163,7.219196976981411,6355.430417667014,0.4796697701218652,0.3518113032404095
142.5782615086275,8.754828978953269,5954.940757912002,0.18834214389867,0.4768423892812453
62.01638116269818,10.122064424142417,211.62225993406432,0.6014276797169095,0.3066180183540387
87.44278082663759,3.635252677144236,7301.341641783943,2.111443697117159,0.7037715016073808
111.39246465637312,8.8519719227229,3269.127604230641,4.67264529354019,0.4326416661283037
67.27184830930821,4.499295552780658,6667.307090615979,3.2232721579251864,0.4264266390601497
146.3316707537249,9.865416425257312,5587.955363596426,4.028946909390024,0.6478866132943331
145.11814834247446,9.55250811089325,3460.172708007676,2.385235513072288,0.45939059673080573
52.73169845729734,7.326350039884355,1389.0338576858721,1.8721638076557099,0.2071577648022905
84.64230576601011,8.681942388986492,989.4680317217855,0.6311618263114513,0.286730824830921
59.11418027618006,5.514800905469987,8323.607414466624,4.392071808712404,0.4533985312937601
57.02926426907079,6.769343191462517,9188.055543711502,3.937484142236724,0.4482562141638695
24.79530315608926,9.573095181683772,6515.391065304781,0.9237786782288531,0.4272573931033382
99.24336341738659,6.674121577385711,1079.1694428618096,2.610076762993677,0.11659877098029597
85.348273019752,5.862386122603534,4050.1708080379954,2.4881365588141002,0.36109817313326187
26.692237662498616,6.953699578002399,7302.945041046314,3.1629486081639904,0.34712652884445994
56.22404035075949,9.625994019497746,7809.217795900177,4.73631578055718,0.6156736652485683
138.074565175665,5.681664378966982,1226.2752917963314,2.9408800646361506,0.2810073598334682
51.143045786706416,4.39009274508595,50.30565251155504,2.7470646072152314,0.21730377735259343
38.836333371859,8.696112162646246,7135.76360651202,0.34658237137985337,0.34136535826750647
83.6288588360832,9.607825701664655,3598.131951062746,0.4082466324883173,0.37404030930316545
148.1345590343781,3.8050998281882666,2582.0892496016895,1.0179992775012656,0.5089267459881565
51.46718529649505,4.918992902047558,178.3298244057781,0.25910678128956655,0.2417047139758562
107.37762116276421,4.135775918087951,5425.9790972769215,3.742429188293061,0.5436532947407389
119.01054999273329,5.783531292657333,8518.949817488518,3.64431848957042,0.596506187716644
50.892880719011956,6.602807831243301,9578.43488041225,0.7666755487150504,0.4651121069739389
114.66812531954174,8.99061069570645,5679.162258602228,4.196786613896877,0.4542276095415926
67.81180725350292,8.209180679053393,5168.890211011947,0.8584515707459487,0.34863497016760886
102.19975797716533,7.967428539827449,896.311035617949,1.5757603762870582,0.2704545354136081
102.35886239891632,5.818999572877235,5511.284375348868,1.3199868058906887,0.3689781460921882
89.6507089297186,9.731580424678079,3830.7918357056765,1.9243047830079343,0.5047007907981789
31.73767010707308,6.7702973391853165,6090.99604479159,1.3478524528608133,0.270624944276731
128.58932442660094,10.832839504121235,3917.8271613716397,2.4958595395484156,0.6571169130584893
61.70140844632566,8.073137106365895,2440.976278331149,2.0962986186379586,0.2647349906970067
44.24740635198105,4.010117932516022,994.9044885223461,4.9341905048187,0.2863064144038257
25.30076840211931,8.409420496603472,3183.4385236595126,0.37403911562830583,0.22310587105493032
96.81608261447144,5.600832123453592,1011.6161011631352,0.7966887442980229,0.23666505075631838
108.08336703949671,8.49061757348878,1810.1246606986401,0.35884688015215216,0.31058683351617034
22.1564177606213,3.557129185299246,9873.994777866483,3.166621855413642,0.579136603372147
86.57209757890652,4.399051497407675,4468.830391220856,0.367095459327226,0.37125242735416836
49.44445077573194,9.84589807124629,5342.124076724915,4.198554713143004,0.5097020027826521
103.87246275322848,4.817436456188119,8742.504360935292,2.6084992903414466,0.6879716645871896
42.667635770648886,9.696329001943521,9955.910559882344,2.6823373604495155,0.5916169397227737
109.82190595332057,5.2342087076352835,5848.008770979582,2.851813087789752,0.4834633550974307
70.27559501906987,8.14305528046966,8134.114519389508,0.9369871609004327,0.49391530427629426
141.7748985357755,8.553204588078648,3303.063192149919,1.068682485260989,0.4639109724845978
37.877722738979124,7.1012380251604235,3092.1523766005466,1.662204882077723,0.1011018929657518
64.3386256365336,5.44248541357385,4056.902023895874,3.008132437527072,0.2899960352393091
34.75155776127658,4.701155010968769,6741.447263602809,1.1295771021070513,0.43089742986218793
140.21017037621317,3.2655148364994098,6837.807308088232,0.67002546295298,0.8321590127109871
134.05411593952755,5.4315712099257905,3186.6323747620354,4.853572743450318,0.5485526690503034
53.53241160297023,8.225302324250265,1375.4387451594555,0.2077108925671523,0.1701807324431366
105.79792598444328,10.506438547587862,6342.34275183181,4.033217286146506,0.6251915185363608
126.23888602615806,9.969635858104416,1326.842328778207,3.9613722329176086,0.4833133502243121
92.1761055079301,9.12851821228242,5806.000456881834,1.5563491578409705,0.5537364155738345
88.85457518628084,9.30757874602639,6949.550174160275,0.7645704184358357,0.5461653664020262
51.44079781705872,8.319879227807963,7021.084389124794,0.8135803688565748,0.3662303431225017
32.1033598147669,5.082294860528024,7547.047501062988,3.5174149244622437,0.500590495060091
136.63804853393248,10.257560245646639,8734.951244578362,3.249752296322251,0.8449307303142772
137.05434743123294,8.365858495246673,5024.591970049645,3.935453803831795,0.43666003279754634
102.30318944552484,7.48352504784352,7315.979435819233,4.693657744755613,0.5087196095645417
64.07387283633109,3.8879157537078486,6210.768716890076,3.4904440800063012,0.6168987385543299
65.39724469964591,6.576444350451403,1907.0674009869415,0.8636725291020729,0.2580165901530272
114.37423825313113,6.68286616961541,305.61196645061125,1.2928688221505125,0.21894012135928476
136.62433379383504,9.91650887618136,2881.186787485491,4.226749281278261,0.5177501122724909
135.32123515446526,7.373185761502308,4458.185378059313,1.1255997715876223,0.4798052589501909
121.3838209614911,6.043204391763277,6190.20414706513,0.45535935307695896,0.41491115866270584
103.4641140000574,10.814402628085276,8507.095338506893,3.5460722648070275,0.846022443591525
30.93819544935635,3.8857647466105254,2002.6448812263482,2.072379141901696,0.27697712787856626
41.011732832299785,6.380387426495557,1299.220409489847,4.608196257474928,0.20738931582763495
136.8120445085203,3.3361974013712423,9636.625477369558,3.286249848358942,0.8928482916969149
98.83577775574669,8.919232966135443,1125.0433657952508,0.5430529911791377,0.3564414408891153
21.195616710161854,10.344612417593204,4810.986147566532,4.744497179542938,0.5050730602848876
33.191300572584176,5.2402986364039155,5876.359101493354,1.366930591837205,0.3062620707086847
106.25522998404726,9.866733414392968,5436.675488029011,1.7523412029908003,0.6424799779435324
20.65800590000843,5.337745843695182,906.0199624777848,2.0710760270493562,0.22968349366321794
40.90504668427482,10.286161293151322,617.4177943360127,0.35099905238113493,0.36563164704635437
91.3353926176562,9.031695228774272,1099.560103237305,2.532925568929964,0.2587093107026659
109.94637570005013,9.439254214731509,5876.597454532494,0.704260606268932,0.5298803764815679
104.75496373533807,3.144052444803636,5466.231631961495,2.0647546007729236,0.7112730253283716
49.15501022987277,10.702482856592209,2375.720880765605,1.8184779611612132,0.4309207056495726
112.58329877517966,8.813367936562585,6395.852711363636,3.8869164087898667,0.6135251927265795
50.84238137458401,5.4380087630890666,8209.67164545371,4.035535507000382,0.49165218627675156
62.3019607607048,9.635157318870775,463.710650473608,0.8517231237065312,0.14021770216054683
117.04388266534313,5.25216958731944,5006.392938303022,1.8961008181582086,0.4867994288514464
104.4522768761379,9.982030716529025,6908.638600421768,1.9294304890559755,0.624659010897634
130.39904336424314,3.900643123295496,2560.5036743433866,0.8419111752868168,0.5190321527013377
105.48967599904464,8.629487819686366,3112.3205076668337,4.012422174750833,0.3544155409326356
93.88011843361132,7.325587813159283,6155.697134744369,3.5654188088435745,0.46301239860896454
32.17771981765202,3.7722757615635265,8984.456169765182,1.0328707528554704,0.6942314512866609
67.80305439772636,4.935150626070712,8108.747982013849,1.8969373521096156,0.5515071797985477
54.476307798624305,3.0992322902185183,5852.145680040856,0.6184446217969197,0.6200864077949648
51.718653639280866,6.750143723716047,7315.706091684629,3.178212325755916,0.3971970953149361
146.49137211781795,5.410122086080003,3679.983578567597,0.6947224302882364,0.4538121248474946
71.10270420667885,7.7868598743820705,6427.607004582639,4.931077426262097,0.36931139921382594
135.9660521730247,5.3779024616689375,4688.506831719192,3.925342165970526,0.5167848556853627
102.04802137964418,5.3993528920558775,1939.8645577527311,2.0121688929615758,0.33672916115939355
123.3254694604143,8.945545589852827,7032.295825078709,2.934963268168837,0.6579270502250929
85.34282210367498,3.3851426878268276,5586.823141620779,4.565574899460403,0.7097378658609218
94.99750500142669,10.223159961535899,3618.284740438234,2.8150864739395485,0.4920214122718716
84.0273001964523,9.818110995129452,9117.824941282375,0.9550425833499804,0.7162789990367285
45.38158841374579,8.342437465811251,258.294472375996,1.955646442347681,0.09607670223925666
113.91877498399569,7.745772560859074,3191.9428549324853,4.231409838645752,0.3838640130366745
56.500407117311255,10.138419985117217,615.9699078875833,3.2566437783491278,0.3127435131653328
23.161075636089,4.482641436229716,7676.94679640519,3.288549483235622,0.4474445244233404
103.91139846793182,3.631753297526629,7035.969168432236,4.347425279873597,0.7163566679080415
43.024388322916366,4.916081359276305,3346.9545764263544,4.480467981566273,0.18135170647459062
142.25961596587888,9.356626229601522,6772.845876960377,4.606983601719238,0.5558690801537132
144.01071501033636,3.2773621338118666,3989.575400649701,0.5647610469404649,0.6775980464784651
138.93237072865833,7.662454680667917,7574.725224653222,2.7662174096191947,0.5673115546847021
68.12063103320777,10.96350012953048,4569.127444230226,3.7284966539697613,0.6100031312395824
22.009360148752766,9.845568750700316,4152.183291925072,3.808941541122368,0.3120900455516486
140.6814131364043,7.171565512348716,9350.562659108595,3.0729093896530193,0.5913697573792486
75.66393928125086,3.5091272742931388,2546.2470439124672,0.9172579424000035,0.5002815732580086
145.66512647567703,9.650988115085678,1248.451032965826,4.007360714314156,0.4880093438348006
145.27059702160287,7.791828065417684,5866.203976931609,3.6285455342232344,0.5101578245670457
130.89122921075682,3.9194639764765347,9694.75203222758,0.5220652805902779,0.8659719411700721
58.27835596904614,3.7508582785868496,3809.5001765855072,2.372668140904444,0.49535470391825004
70.06270471825027,10.27701455549274,667.2657981063761,0.9524892576568376,0.3342947355491727
130.6477672971914,8.353602103504628,3426.087409730196,1.7536375239935624,0.39168075702241006
61.1998606703161,9.634294394534045,5084.019960479606,0.18859735180785864,0.37748723391798167
42.03405706919202,10.03183120225814,1661.1339159905265,2.0616163552127156,0.3329788255702958
92.38416411958552,7.574178816386578,6598.117069662096,2.7943969136654316,0.4960416407696844
141.70012064090153,7.13957081404033,9977.606420651497,3.135954704852726,0.6943615651790125
110.48387356774649,6.4434192825679215,4544.807786015366,3.35110269113068,0.459696141853911
94.10795211161745,5.535572702328954,3579.5491394656156,4.197827434202054,0.3469498131655069
32.63294419019991,6.476767686869694,4037.006460002943,1.1557682456510774,0.30267413726987413
99.95093947089207,9.191037245841251,1195.7044750322514,0.690360929948493,0.31116982490884226
148.70700051355422,7.815387448121053,8838.572334190927,4.272532142299836,0.7147965095084796
38.210921980748125,10.140186319638769,4177.515272437452,0.8674027929739845,0.43823278209283123
87.38285480728578,6.547040115033502,3903.380393677171,4.876324398547357,0.36176281251979225
134.0584993506342,7.856716629750032,6613.918215658219,4.2284373240533215,0.5988597540509882
116.29992030804658,8.05046042473591,4448.232538264679,2.554295368859036,0.3996840485788868
110.61204632938484,7.733577298450604,6499.923014638068,4.908964982117924,0.4880939849729554
111.3229309183242,8.62107018468413,661.3905868013356,0.5771459726292206,0.34090498769433886
66.73384965856818,4.89946774699845,8146.547270036163,1.5850222297579983,0.5323207579122363
58.16693975438414,7.098910220366325,9408.014331150056,3.2272996336989963,0.42868342287020655
125.21695021220677,3.8337984224667814,6505.21559228589,1.815033655518576,0.7909966648519062
125.31474130829349,6.0760906211585,9547.930992145168,4.64902550470588,0.6103619685694486
132.71940141541347,6.901336548970115,1556.7515279811348,0.4215678320713061,0.3016297601228489
138.72127183234127,8.21779407636378,4800.291085329519,2.7921179770987266,0.5289336033333998
86.47451185192192,10.604248420689629,6037.9770027572,2.9952447102360615,0.6311128934744686
85.19711830933595,7.805208532386847,5838.279641840808,3.2983678065083986,0.3549237252912625
123.77837326568077,8.948751329412477,4044.5447019359804,1.352764494325891,0.46852185625247
104.49531100110947,7.050128475961622,3413.9398731943006,1.8863754948473361,0.2340011137568483
111.25569404350144,8.07283225101065,1311.899024376667,4.23403459535839,0.26947476779027146
123.45304702669314,3.5674577290701874,3947.837383094668,1.0552195679537832,0.6220105794083925
135.7006944362836,5.035132646734776,1668.4751102995772,4.151652451149474,0.38060630805774853
63.93937039069966,5.89482474564111,7356.9384810975735,2.857011572223438,0.3653594544571855
68.82578384319272,6.779946840052109,2127.86780817117,3.834718804851003,0.3003235686034817
32.21765217931297,3.36518996401907,632.7247875811119,3.596676094691011,0.3759091275083146
95.17641832950261,4.1201927804265415,5546.043071281481,1.1168063273859072,0.6271509215165819
24.67249559357647,5.214514462330446,5972.535840558046,2.887182408525977,0.35382559124739177
80.52774235721982,10.772261527208405,8725.53495974103,4.351843448744953,0.7460695606659326
90.54380251198496,5.650776056824406,5790.967043555935,2.217369560329454,0.4459975140226643
57.25036277667697,6.85632846489666,3487.534494548285,4.836294774094252,0.2461959669679878
96.8083238739714,4.5687817019071435,8039.968221186889,2.3158539904984186,0.5582155674665404
23.965032492076425,7.886240568606146,5425.77498721484,0.799649619672635,0.3611996360589638
24.855264537397872,5.245465724127794,838.8388320803579,2.008229932380599,0.1296749978773734
126.93807288575557,4.655940627507414,5680.213075116804,4.763341791313632,0.4791178800535455
66.82478338346417,7.1325810275678325,9084.784526945541,1.666632161765286,0.55669630246673
36.51786664474503,3.0440463932833666,3993.3106237072943,4.353680983348608,0.5316331457386644
87.89162380712457,3.0613122611938026,2998.4417289030107,4.41812834024126,0.5662685069632213
120.0991619028194,4.752550472814862,1477.5210973292994,1.8159139692266095,0.2880937455572226
48.056733574589614,3.293770900006569,1556.8829432568052,0.5079625244480974,0.5142661144696716
100.97576185647003,3.864206033045531,4356.076269201098,3.6503337548782095,0.4925272922116666
31.09517044918984,5.710885194710013,5977.014250407219,1.6264102651685317,0.3438325584930209
26.718623751919,9.420685436638504,852.1232814375375,3.936325709862105,0.2706456093770807
89.07610210385924,7.576389146954407,9398.707460800399,2.2690087564761225,0.5695413422458644
90.28256580931385,7.101341807651331,7563.579493579699,2.477807037478846,0.4660258964077783
102.86588719476686,5.347910585664973,5886.907986922443,3.911756093067831,0.3953257596656448
114.391873383946,10.454029755462532,8292.964775842958,1.973580322201977,0.7364344348512853
146.8607703301295,6.176120329897533,847.8582302805272,2.2713239920822814,0.32363298490127357
87.11904527915539,3.696742134366172,4794.546833444588,1.9433332969711488,0.528146029239522
61.98434148236198,7.93653212894241,6319.426612273551,1.899968524858672,0.3972129770672489
123.37420531993148,3.9107071478128113,8295.096415876978,2.6771382268171515,0.7813190022338725
55.20819266406965,5.761785142413537,7845.522122490213,4.063117278055639,0.5063250392952966
77.06628469173269,7.059295509742471,2806.8390346483266,1.8726647284205729,0.19232426137384045
30.199329574494577,9.993780197481406,9411.757687114083,2.66884813063491,0.7400759434992216
23.29559664400948,6.948372642720949,1287.24112223716,3.386563894668744,0.15657736019287
145.14429390813024,8.618070128253315,8757.579505280464,1.4202532868879099,0.6617356765482896
128.67741566658674,10.942534711992563,9710.855483565954,1.4598617440217236,0.9853149368071376
110.47664679218073,4.051912959183853,1812.6775560651245,4.6737243224149285,0.5716256252827662
73.16388277385508,5.197852204156156,7234.557338827663,3.6453194093223344,0.4232594947937334
42.52826160920995,6.156608604781171,450.84091184108473,2.928214713494214,0.1161351268807319
40.33681554724119,6.374625428310651,4083.957110134592,3.273828266660999,0.13921024314001948
52.531576761397396,6.288168602124366,5187.018827016856,0.24356727120675,0.31967014175281816
91.39946641179566,10.26088802045244,5827.419997800859,3.128704531252315,0.632782600601644
112.8974699510081,8.71226115573485,9362.575620073167,2.5965934787985896,0.6386918316282808
105.82565897330507,7.86324171272563,6738.894338577237,2.774173430919235,0.44458707988037016
56.391406602972566,5.474981742902257,4838.715614631408,1.861176751471004,0.24469880416565376
144.1324864862152,9.590323073770357,8106.266610845599,0.4992220987934153,0.7288089566975791
115.9265991704499,10.640484091879912,9507.801568496368,1.0473622446990558,0.9252424983410045
92.06602682648209,9.569586260401813,269.55817938879386,4.758649094742092,0.29376992691447024
99.5236970104658,3.0125208415317832,9826.086658947585,2.1026278551275768,0.9166760122051888
74.54800811561269,8.091210961467256,907.0147836836194,2.386747463571235,0.12409919428020375
52.20502863515047,3.409083051536806,8153.148453724176,0.35827797028185104,0.7020793775265566
66.27644822466401,5.060857762669775,2839.3307878865544,0.2840745247655049,0.28440748549721473
118.51999436036799,3.4761976027821735,1365.1875946510238,3.614189090529113,0.4841105100891778
21.871153521868262,7.830363623595102,4426.563615152657,2.7366638541934454,0.21269447977981915
35.08944326589911,8.492719307940854,6457.367965503755,2.5926593226597068,0.36110129092769155
25.980343462827857,3.915901104527241,3840.4708579835765,1.2913101990710767,0.4229287701276941
25.294744301466118,6.070711064359836,592.9258124128546,3.749278584986619,0.0476796151076523
131.20987592143092,6.649892071644336,6014.63833960423,0.9243592376316102,0.4526810841690723
111.47552171940308,5.952424174087333,9028.912597301214,1.0306802439389984,0.579643844797277
81.64259778135226,3.9682000038815444,3862.9928911751545,2.35748963960655,0.4332731144480972
32.71844088463019,6.351582321499803,2202.511137426729,1.5027713243485106,0.2578125293175414
83.9100637651882,9.009424382467344,4453.644592031513,1.3125686080424173,0.36586303284185556
81.55133020147355,3.5680613162660437,531.2089749353697,3.2616644583113255,0.38125817904205717
42.51624308830198,3.6414401126552276,8213.851465578733,3.2897615515708685,0.5978295243342402
76.4007144009365,5.838170334687874,8272.091068954358,4.140133642019653,0.5963474659523309
71.80561547165854,10.5338056929514,5900.604611124802,2.146771978167582,0.6466425890015968
100.06051274678813,8.348581173783312,3563.3737449369755,0.45811694602813624,0.3044983505468465
102.5621746127937,8.42935965338052,8007.844476235545,1.4409652861151427,0.600330158739268
25.889521270365787,5.89535992670292,5569.135896644253,4.902026769664403,0.3279097520553075
68.69963990144126,7.749286329668307,8268.026470072662,3.0216670186402403,0.4877976107152761
101.36178904285073,3.081049472221947,6333.014986201055,3.5777117155249996,0.7304341015396224
85.4077136154114,8.088768371276338,7854.834458467333,0.13605336516453123,0.4467736159583531
131.34367935448188,10.306295580609895,6005.701782516711,2.6392080876943527,0.7121100631536497
105.63017211046285,7.9005877467585535,4170.703628745879,0.28389042190583536,0.33610348790914135
41.18147552058586,9.98958874773076,9581.561306265068,2.8892280392480956,0.7441658984156146
29.17393716205588,8.791784443728751,5434.082557544505,4.611777163216769,0.29251474190546956
103.51450616682104,3.964467331229522,6070.640709478357,4.845253739451999,0.6977118384690053
23.446470370410836,10.219626458286733,2243.852012176755,2.7487081094057286,0.3547392976793128
96.15082556555024,3.531550754846199,6275.2253548014005,2.3452035457358584,0.6812312126099519
142.22993138524447,7.27173978038211,5737.496112355291,4.730583761817621,0.5336389482630447
94.81164312386426,4.137096990347661,1889.1420595728982,3.4006881767838064,0.38489791715331984
70.46209040684785,3.0936528858472325,642.8916186637799,0.41800646973820643,0.5017653291205224
103.62746839750591,6.376274081021112,6063.375231161972,2.382055330570738,0.30233891069260443
79.57287576389716,5.36032566123325,7648.73808003569,1.2772005904750894,0.46774936917149534
90.93018261107154,6.888003950380824,5257.843640673982,2.4020411750985398,0.32990550064518087
142.39042514094825,7.617599093876406,2306.387621930475,2.331781302831173,0.29308000508975895
70.19334291410065,3.349912578471579,6681.893668095698,2.9525095337922362,0.6566187741200151
144.95477329710883,3.984026360989965,847.0519797655423,1.8481754027113313,0.4969707325273415
137.69558345428828,7.469139171603403,4446.245362779448,0.9049252023340475,0.45782044834897145
45.452847522608536,5.745338825381266,1675.499246064281,2.568225229490786,0.20544852789352083
29.01696911377151,8.833387900395584,1885.3675580458394,4.167994133294234,0.1843156402739822
33.10114017906547,8.218333188735517,2062.824794124126,3.3536599175312514,0.20892651710842328
22.368837334701464,9.764834903919255,3897.73521758758,1.7580025430335577,0.3722722881867208
32.27758489827069,8.539942613353801,558.9445459229564,4.684062811518401,0.200823392813918
108.7908805441264,6.439448619121185,4008.044737244527,4.569817099120993,0.40728101773103637
29.254524299829768,8.38373297915546,5141.489098791273,1.1258071569820842,0.30904255553635307
61.46683193818897,5.203049394043348,4858.778135414936,0.2931461670897786,0.3210069774210003
129.8337904260291,5.450507990225701,3858.7017990102536,3.7324126709187353,0.4061875440771011
23.025351645657363,9.311881279366347,8399.508750303987,4.155290280610851,0.4830889097586918
125.88090273656165,6.571356131212657,1496.0005895840159,4.842536373161641,0.28259244384793974
56.64112072054199,9.38704272414682,5081.682600624671,4.460198331032722,0.4456532020709681
35.36142759081531,9.579378989346228,667.3120987177152,3.042620364211433,0.2795461560324974
110.57583149733958,9.86049870129027,757.999004835202,2.6972564621406665,0.39605482807779646
101.76257008138492,10.333081886729659,5759.9652042871085,0.23642115118667284,0.6268733407207593
134.0713617585169,6.44788176410637,5681.883327633818,1.3086165895394115,0.47674356494819387
115.55923569450515,5.550934546569111,8786.433452802346,2.3521122834913397,0.5781961256856522
124.45252095003032,7.657589972752911,5600.843072817728,3.1796691104094825,0.41205814337184693
56.66449443426984,5.969379387501021,9599.920653028259,2.8305339832602123,0.4324531595713502
43.06714069136397,7.808593334401864,534.5137415793013,3.738916349440284,0.09752012347605007
117.57991771331159,8.644686901150596,1025.1764635683735,1.4708579613465003,0.33040794139052143
124.88851610474433,8.507240147937095,488.45532262529485,2.868267777497119,0.26090027411288824
148.76566846008754,5.996423096160971,1893.5046608187233,0.5318969926148814,0.34388640416990157
73.64029799848544,4.3348816135900226,5435.637603869697,2.1269610655577145,0.5187502189714929
68.36235115306181,6.44423470769766,6473.443205202909,3.7757880814775455,0.4238977531133867
120.9336848964596,4.14075315265527,503.57232158925456,3.4976641818023158,0.3555323341018095
64.30446023289232,10.120776281470466,9462.410353963713,4.954149412143677,0.7555120798854097
140.99845232846343,5.767019685902859,8429.545497671292,1.4616665173400045,0.6754795422990869
131.59365773959155,4.23567797778659,3001.2941974630767,2.541127565952498,0.45306592601793344
75.76922355875239,3.203582079246007,818.0159257533562,1.7146990274925842,0.4221315214905079
117.61323881289466,8.166579090291874,1740.3763785296198,2.2589552588899564,0.3693209716280399
118.09057363100871,8.095218539637946,1313.0969168619781,4.299055636360002,0.2895510358653097
33.40610294867124,5.724833332650333,1276.6736040245212,3.452624468423585,0.053130377276997404
137.33187786834367,3.573695110781208,5209.688802224053,4.423961837603151,0.6245936839190517
85.68280841822143,6.277031159161856,2496.182052809333,1.0972044308262439,0.2505493523485411
127.43947059400641,5.489739960507149,3613.4901794649872,4.379469477423046,0.36596938880149
61.60644813397953,8.416965117880075,9895.578067174009,0.39283514347408366,0.5280379253396223
136.41801970450607,7.846233995621523,6858.92677680718,4.454136474142047,0.5410746834589629
70.5962182354412,5.91674982558032,9492.357637117664,1.712461519357567,0.609706612102487
21.408894692438786,4.743140434039921,1468.4377225795001,1.641479403728926,0.20447701746014416
137.69965693450428,10.904287729244736,3852.287774584064,2.6092340258234534,0.7597831121077512
31.86726798219736,6.632012969568919,5569.581442659425,4.709381919843835,0.37536094216791777
61.510772886753934,8.506193886241896,813.7427157929433,0.3341286869388863,0.2615624576580337
143.50805571660464,4.124423740626886,91.66506409818075,1.8259317778466522,0.44592561611747045
143.5789291018823,6.884717597275182,6720.8216212793295,4.297202744548345,0.4339370733768299
94.5469254560272,3.220293758955724,6436.104192174282,2.040666939433787,0.7372350458392205
102.1388375820739,7.0436409432836,4137.348659496137,1.0758687982256285,0.3973303295797667
78.29791785718157,10.712139256941619,4921.958556518724,2.181491488523918,0.6120867283203826
58.11740032074839,6.073653703886402,4183.657855891292,1.98920725730918,0.38205183874264026
62.72639089808907,3.3119681005992927,288.8501962066441,4.585539387186847,0.45821981598736206
107.42739929001499,3.2476463273547482,3386.947481863751,3.833478441141176,0.643437209750004
117.8086888268984,6.103894079574956,1811.9684412030338,2.5750662231456314,0.3570165157441823
122.9052756843603,4.280199491705552,1029.320681558619,4.943015776935698,0.43681071617519956
122.650358563292,3.1868167706254873,9569.36831719903,2.3798599032520245,0.7730366718929369
31.85679339632975,9.049708911601414,6013.629264169548,0.38536537101934865,0.3627517812579776
84.27463961133559,6.6681840710551255,7300.130028154196,1.385144176893426,0.5060260750706239
27.482638802163756,5.313958175781236,3187.869245497869,2.236745353074632,0.20987490889102067
91.43875470208562,10.200665464131845,3961.8139384654514,0.8688228583159886,0.5123855918355326
77.39896517853902,3.929111681604205,2407.3937392723988,4.743069118987811,0.383033499935448
135.40154375857895,10.647350631642553,1014.8084261059762,3.8575595993070886,0.6463008190080406
65.61895163177023,5.511733739018823,1831.3647925437588,1.4146072820960862,0.32376888306642576
35.21871213558876,10.10722937846945,7985.264750700034,2.994942214237788,0.5490463745959754
38.588918666868665,7.823543011835692,6791.58076157857,3.6351008698369034,0.37883672490156833
118.99638212327139,9.6136588779319,5491.942316055495,4.71226675164331,0.5422275696625987
100.36834823111394,10.872105305683714,4777.144235024342,4.420013210959512,0.708674331651148
33.145947895962735,5.307243502549966,9228.221122378438,2.624441908077247,0.5301796362413407
30.933884794949666,10.689083883260743,773.7127303977506,3.8957978369857864,0.4233724536118053
111.1259870896856,6.115855159219363,2841.978091717264,2.8545092937551666,0.3479551306049159
29.45919082734516,6.0840952378953785,3531.8816430286047,2.808249061223147,0.3749935434407204
126.84180770774631,5.7230968340360455,7835.136831517239,0.6622355958571403,0.5164908809751877
111.8114895303445,7.331260858780682,9925.520470611615,0.7180745242791452,0.5125372626941145
30.57534148344697,4.233160345427897,2444.671621833673,2.6947147136100416,0.3035332063730585
31.02890283107495,7.429691882864089,8749.357974663952,1.4174215703971325,0.3455818794312295
148.2631452051528,7.333638499280032,8314.696466296324,0.2030808220562963,0.5169379979507139
68.65520344829565,9.09521450083896,2285.341106535578,3.6419120991110403,0.26267814340536266
68.18347911869583,9.669199695500684,4023.3591729822647,0.25918432378180833,0.3747830690193371
125.66394374347533,6.523530802499392,4126.2450494605655,3.0168565214098675,0.34898286909311904
143.14231505990165,5.41866599481195,9783.295651839255,2.7420495912238407,0.7289678062762563
148.1801382969732,5.074679178536756,1849.8744187200384,4.847191983831242,0.3964684106840038
117.9391640836624,4.5569906936389755,8001.621812492582,2.4726443828034443,0.6445434563856289
68.91374611901905,3.461180657592199,3375.2175060224436,0.4116470382512071,0.5504304033678418
30.85509317082694,5.739583830677707,7322.159940472796,2.8032710422516627,0.3596130052876287
121.02909907056679,5.161981537046266,4229.109492741845,4.221371236018897,0.4456790086848834
92.59255246565466,10.731339086931259,5804.679643009573,4.984561492979056,0.7043208777896738
75.14886120210691,7.461670610000351,8334.487144595005,2.2086815510764555,0.38163840765083246
137.8260700623157,5.77821631224406,8051.447371589647,1.6694638382340385,0.4789395916535328
34.45567269979968,7.643740807949568,8670.910676220017,4.542601155064795,0.4569096428274501
84.04126355781169,4.113573610765564,643.1923871793573,1.037086432472995,0.3707059060232412
21.47597381976448,6.552349993617623,6935.903002745461,3.1156016836613407,0.44623938497449
80.92588345923642,8.00987457136851,1442.8743983815405,2.088000678486644,0.2365400369636325
27.319425838638857,6.911182654339611,4187.394751783189,0.3013035882822209,0.26441314035318714
35.44632911484935,6.214230405234594,5508.45472979415,1.8017135240979192,0.29815423326604273
35.27841208102363,10.950787111197585,4057.2578732309657,1.3996197602631057,0.5626017429178756
104.39733927508826,10.042518097191415,5220.136174239925,3.461846654323086,0.6688373690440248
116.98583430450503,7.987247665275521,9965.43677254626,4.749073438690399,0.5331138278322789
95.83793946263076,7.555018889458262,1395.4122714429045,1.4134312181553252,0.2557514528337085
145.08243130169046,7.965283838596672,6770.787651097435,4.076183101843241,0.6614275172764722
68.73317533808154,4.610496862579466,3990.2096155368713,0.37126310299820664,0.4072721807468607
57.1425712166419,6.161101946114549,1373.4474991279214,2.7367929491950846,0.2657399191181975
132.91788666462983,3.3156762631271945,1629.4307955743798,0.44569531217848346,0.5368132937339266
49.06745900752884,6.804368299894613,9495.267407143889,4.676761656540132,0.48675487131136513
145.21893012727946,7.344196671661305,8802.034892282032,3.8551212747312125,0.6231916297002249
21.580081709676126,4.821997888825677,9075.067506129468,3.3239545649025026,0.4117146999826434
146.08424747199308,10.712230777324109,9915.751119482497,4.1370922699608546,0.884778916199509
25.610788553574896,10.275636887497935,2122.7381305847534,3.2728469982937995,0.31234626697727913
135.84860478074924,8.777145883647247,3586.6214067724145,4.847827546154027,0.4976228930319354
88.60114418121898,7.267093030122901,6708.729347752424,3.598393944537381,0.47927088542377916
149.08542349550905,9.95975327718148,4863.83527161344,4.6308271869530095,0.658696048286046
29.593553415601853,4.045218750587703,4212.975857114418,2.6339462708521264,0.45394363780906616
92.0010569721717,9.32407835419908,3610.221930889151,0.673615623611127,0.40439414779020355
146.00932963048285,3.9985665117347864,5958.117287837349,2.688070834972784,0.741086743440758
88.00271974211935,9.353685300395243,5777.154614968816,0.7216768575091572,0.4961412957591522
101.82182295758413,5.206140546010856,1656.505448939189,3.003218047964385,0.32167659680564736
110.44732956800023,10.016724648145512,4743.811383308469,2.4642159965855486,0.5574294152098203
79.09033841981052,10.552336750603182,5557.044173288006,3.1506194493806308,0.6570156570684706
101.58255041092825,4.190367755240925,5724.355040377335,0.14923020716867483,0.5379513169167204
95.96086055000303,6.701404840523148,2140.5665694779004,1.0547184091112842,0.3065221917949293
137.15054136382855,10.84789902530148,7435.600352910254,2.5075191163694415,0.7842708539476617
25.908029444389523,6.867259487785173,300.73099346964284,4.757467451786761,0.03427529234039811
56.525214646989944,9.90838018011636,3580.5769626544684,1.9796842977402764,0.4547263853539282
143.55349292995265,7.709852177050559,7813.1158529295535,2.1794229276628103,0.576195783843773
135.73429190581913,6.002639263356815,5660.734564501253,3.602010836132449,0.47030545805213736
79.23537786214268,5.286268444206962,2648.5662034830593,3.0585845107019787,0.35801904526529965
100.61723771419977,4.625784728688698,6964.783537463325,1.564738135481833,0.5409449041502549
56.05955378754725,9.094385531021578,5695.53989435293,2.113000338280396,0.4132713439329845
44.455750764088975,6.092324054584223,7972.623914091052,1.1667290144004392,0.4932440723292974
80.28079264219768,7.090203697606009,7363.500602588742,4.833505149738022,0.527256694129051
65.93578964338687,6.938603840009455,6120.573824260535,0.7401084696310627,0.4412837715699901
95.87529454061337,7.61823223386505,4907.367869342599,1.9220002443754556,0.36202366797793606
30.10550280544803,9.924617164996418,1375.162150391858,0.22661096387805485,0.3494400735354404
146.67132499660164,10.845914748667436,2650.2635279595684,1.1867195104743775,0.6130945886164444
148.20739678234838,6.2606736685905355,4220.039755524998,3.9243085780627593,0.4038523613519501
110.76102282256687,9.620151376850425,6013.027905713568,1.0857586382155096,0.4549270612168677
89.69252762473565,9.116222357237742,5161.3931593922825,0.4923106723919315,0.5346201207219787
60.23859011722261,7.588231611644586,2917.4360332973183,2.4248205812381642,0.19620829881280827
125.79335256190333,10.648377148895465,114.32036000761998,0.14884925019914064,0.485984874270543
109.01505243200431,4.603796124227222,4987.580257913099,0.5153541566890326,0.4568098267498063
41.14020211483587,3.8741136824769713,2891.9785861943187,4.057366760858578,0.43670200043796703
138.42053398419952,9.831695735643377,7359.352592069824,3.880219389812072,0.6893291372080455
126.92984158001197,6.513198533069986,288.26533944131074,4.58418021998399,0.19108688647239314
143.47398872795014,9.775750833656485,5869.036722492619,4.287125635962672,0.6731782753268691
114.3435360904868,10.144721641563319,9417.66866318535,3.447560259875109,0.7153551528866109
99.74397547165267,3.4996607489525715,1785.3722077594202,0.35643100077324796,0.44760605751070875
74.37159471778045,10.067718103888485,4742.912432968424,3.935958228134622,0.41483719631259464
141.25470283602172,6.5865524429553775,959.6488185805248,4.243002973118746,0.23255354845474838
132.58830563505308,7.083459912033858,6275.535027000458,4.015502514282577,0.502598858230425
25.878427113804623,8.012740088745682,5527.790221932445,2.591547273009328,0.20802926567429972
23.42770668464276,10.411060853840695,4103.286965917681,1.2412190093824602,0.3791668308690809
68.94023769414645,3.1529287554381122,5237.701363663725,4.242116880874761,0.6396197315225108
125.37193300163828,6.814747746542537,8970.917851766651,3.6630977677266787,0.564048518551591
148.34589681094278,8.501776339444486,2003.128307995117,4.905729754505373,0.4986497751531479
39.554195843458665,8.781655661585827,274.516891468205,0.8628937290040714,0.24988206029372087
97.23699299577757,8.540259452296864,8623.565602756054,1.20575645695507,0.5234887655551526
69.51581136203279,4.075481035264975,5792.314969759669,1.1378109344193634,0.5560542790491183
146.08887171589842,5.39516470697345,8912.051631845332,3.9834448613445503,0.7145451834091658
129.47546000764214,5.869724203336108,5989.604972961067,1.015845752605579,0.4621575383666009
128.98273161244794,9.43549766143604,8111.10284509904,0.4266331661341999,0.5926400548810106
80.93011077334614,5.230078979316424,4325.249965383722,4.9929479522695805,0.39062553356946916
73.92653530389647,4.685639710937625,7511.106316318274,0.2216043360812308,0.5269189590918112
55.54291935099181,10.65958415230477,9134.762595554068,4.192695894778442,0.7276413754840398
27.328814564620526,3.070906280907751,5742.623489035953,1.890297523598199,0.6248767727249201
132.41390891315692,10.982566845455825,1848.8122480956763,4.223915752813295,0.5978187460143992
125.67713118691009,8.414570390859165,2724.536269550472,2.817640406934611,0.3187777986361421
149.96329752719697,9.627754395592937,2026.5135401291875,4.5179930244831645,0.5003948314608848
149.5627888196077,5.356955170769545,2506.2274245775425,4.638345633431671,0.4482222950992325
92.20612172834157,3.11452222133648,3098.8337210428117,0.1445810882758024,0.523478486031752
119.96836397346637,8.90295614849224,5573.581178194226,0.4695196623646626,0.5485928524050339
142.81954488471564,9.673156776005406,5900.516713165136,1.326757774897192,0.5423141628878695
130.4541607880635,8.923809055628153,4293.672485056518,3.3796455401811585,0.4533899336920806
52.1552532266157,4.142802298406709,6173.436759217312,4.45253376290638,0.5057460638927637
78.57073759031215,9.027423378055753,861.6705098330909,2.353715561340418,0.2339355544631222
36.79072396969435,9.151382256861128,923.4929587286916,3.074168269743901,0.18659400757473255
144.02663354363392,8.26832412536044,1759.7031305587016,1.0236492786982496,0.4506138627515915
98.8027024786144,9.12892746236469,5204.87110550143,4.044337486020258,0.4397713173367249
49.72356471545015,9.767371517421857,2179.24705304822,4.839907745632002,0.46896741443325407
107.32108897276137,7.908832913899667,2868.6798147511445,1.4161347712815278,0.34359096445724197
100.35667125952645,3.7088377117574325,4033.112719921291,2.5246471628426774,0.5644368365159645
66.56115334426926,6.901022477337687,8128.0679339032795,0.5219689414812316,0.4683292331446274
34.762486985951774,3.6211946773728405,187.92825233295818,2.8397696166685455,0.44710179407546696
107.30451542706395,6.260344248259447,6511.319261354393,2.563638865048735,0.4162940203766861
87.64000111749313,6.256851913005021,6705.321483854819,0.8077387723598802,0.3775274307185805
120.40139092563311,3.5280787531219326,7996.625014548534,2.2661244442785677,0.7409071785522734
87.62125514455914,5.7905642717558345,9330.891743650116,1.73711279522416,0.5655358197163857
130.7835950414102,3.8879847903305187,250.3715970454338,2.656971288995428,0.35934193739395426
91.74788904068312,9.465881680073778,1580.147869856501,2.969706243601116,0.3570522310030267
92.92193629960022,10.581504207715767,8867.404375857132,0.1416283351753266,0.8562069780955208
133.96496834558485,3.578531802063509,4612.259693760803,3.8289293164528218,0.6700782040967309
72.45277260761162,10.64092165833361,5667.676857387962,3.5937700301225304,0.6156671707811332
37.4219796985833,7.180612794693961,6647.120677045316,1.894803292411959,0.3147454148090982
23.741747920734067,5.396525423630991,6806.712714731592,0.35938608428720953,0.421172702623984
118.16784323757047,3.614896602209308,9320.817012999256,3.799169444946747,0.7806924221193845
100.6402416759504,7.004994144563343,9969.646703246113,4.780358286342849,0.684230427365718
111.53036985289907,9.356124355925989,7215.566736262856,1.2767428205078697,0.6940517985469168
47.685340996158395,8.656691818133584,2907.851031591251,1.6852706073114858,0.27761744076179284
37.72829182628007,3.40180809171179,8803.536402828719,1.0006831584608933,0.6886023378481857
21.890806536824652,3.583214682943228,539.748099680578,2.926987004389715,0.3726266861271609
65.5763826448576,6.222986261061097,2349.254486101237,0.8587228337725292,0.27943645270726003
96.6892992911023,5.362323952383546,8978.987888763962,1.8453503229607595,0.5491431264299116
70.99172586296521,4.859074584448383,2599.1055686715818,3.5153637682778887,0.30591856330200523
76.87173986308477,5.248035991269709,2245.4780432363973,2.8445683167458076,0.22989402786621244
137.54063028418727,9.427861946375078,1424.34666674546,1.993666565206883,0.4429837995807474
65.27321071302904,10.43382442905483,8598.161988586819,2.1592230488569557,0.7382513927656613
86.8186335907754,6.240821556220531,5025.579678951312,2.854343324853825,0.30503243007061276
121.8748916563486,10.248888017059976,6765.1873703888405,0.1287371666470904,0.6665601822724951
71.55056170176512,5.571965609983056,2428.7105215465454,0.48469835542268835,0.19650600065524915
100.87127102962356,6.811495890750333,7592.502189061604,4.418164532038757,0.4489880771728011
132.10728213707688,4.808231982527998,7612.05517237288,0.4816070465473248,0.6578085088375217
143.43768107549346,8.123808337406752,3160.3503478375865,3.5633376214314754,0.37547236450801286
39.11955252077493,10.831848921398471,4136.292198452315,4.608187004134358,0.5325814133394109
140.4563912709943,7.827944768347029,2136.4182604304983,1.4263496610784827,0.26714713820192476
83.97511810033996,5.862512672908391,9766.782182062898,1.9154080415916201,0.5825575938722414
53.571770478864586,8.182539567924227,6473.745641731196,2.88771488863911,0.39144172997635945
79.68764831097397,3.9833654277231005,9348.71161311938,4.420373951229065,0.6755915764686302
147.40423478711202,10.109272642123189,3068.686159109875,4.715337377576059,0.5771025389968705
84.04035221907304,7.024671606238691,7829.814584319053,3.723859915745214,0.4818610781587406
62.73770933737607,6.5947979363171365,7670.293506653183,0.5244368281880007,0.38190791039945327
102.34211106117435,7.6869183076281535,6931.973736072088,3.378855362120769,0.4016725010443054
51.2189304411651,7.99827090231522,9658.107803904664,2.1104882371760443,0.600790101793522
29.86223265412631,3.5742064498121042,3965.8755942578396,2.406434897506202,0.4310050829160794
36.7543638483844,8.460937769787218,1350.637369718085,0.3408271126913675,0.16431429137343437
36.64595906451042,4.935453442524237,6733.503149478404,1.0362044827971553,0.4795931593453287
39.747350156598266,8.711621060052718,7306.632514748201,3.9735166769148744,0.6165891525402765
38.04753244442332,9.580278355073574,5771.852705915206,2.324398281934513,0.38277613181018644
103.3137168244179,9.431668060420161,2107.838036677293,1.5781449839926296,0.41023120735355423
43.64441097188883,7.420007739263113,5069.336619610086,1.9816934624282951,0.2588198923976105
64.93674683210222,7.161359138486009,3156.2878788628377,4.286557615295833,0.22808265182813814
136.58249328778152,4.143007690715294,4303.291955258556,3.770095185284289,0.5477491004976841
81.6150132341734,9.202769203225085,6469.924829654406,1.4343454461873058,0.4466071347226289
106.78250600773353,5.171275043573715,7464.8866897738035,0.6757590170406292,0.5501292724905531
42.40158325621188,6.973563382543572,2360.635674468364,1.3347912860559517,0.10543321422085701
44.997572445127204,5.274192743420134,4082.987338437186,4.611706610168195,0.3675647092564121
25.312920114642253,4.070626903997545,2728.1576313667106,2.9497853054638017,0.34912675847056385
41.961558199381386,8.036461575133892,2026.3845579255976,2.7140530228494364,0.21312276024792004
56.21674407415462,3.4346562785832306,7844.702838958592,3.022328638493062,0.6572407062799678
43.011362955977084,8.9891618730096,9097.064309648074,1.893538502157925,0.5147684731076188
31.53132938841723,5.540694362088933,3733.8102475615383,4.054824399565613,0.28266317516630896
35.6826632430781,3.0010775440358826,7525.22529751898,2.6641026215712245,0.6425572884578071
79.90123984425435,7.089033113897838,8975.10312917589,0.6720647235670981,0.48434837663151087
46.82338339275303,3.374815268220825,8468.935894775805,0.7324191116624086,0.6484695929758928
67.3550819362498,5.209356462567196,1868.9932159652978,2.73060981786283,0.22386835826501525
85.44424521113139,8.65581189964573,9565.104221057945,4.689194068547112,0.49856351131586607
109.75132772181749,3.501516972974927,3797.9305822731517,1.610925396213374,0.6585347180584515
25.110578179342863,9.714707938848019,3425.4445786796714,4.36075172741017,0.3186093542278133
123.92335185817555,3.030559381268665,671.1917064139143,3.844068374236509,0.6314810239932861
101.62705063381802,4.974590953615218,4887.427858343586,1.3142809702438438,0.5105617087751315
30.628674153353348,8.927232449216572,1134.6854756272407,0.27806966674958805,0.119043882202602
133.56522113388104,5.530161197834454,2522.9712182278886,0.5990515991976755,0.3221349973125073
139.7134120691357,3.8151391045281082,3203.5790865844497,3.6696202758524574,0.7131364282398907
27.940134781132286,5.881871350403423,8097.8219187422565,1.078381716399169,0.5001906670039348
55.99409425913648,5.163146291076204,8761.11207143917,1.9192275104764298,0.5261115137488633
124.80616637309797,9.74169521728444,3059.5398587416234,2.558325913431482,0.5103454108221872
117.27375974987558,5.506783340681145,8594.04630638351,3.6547940254057982,0.5738582991575805
43.987732516329054,9.311459774208057,8579.44782682942,0.6548329939697144,0.5568702801023634
47.21541203377234,10.134977158485878,7658.276956329491,2.0911953858595616,0.5624514131697647
68.16137336287966,6.470539356612236,1509.6163844510563,2.476857254799208,0.09509851121784546
82.98798807483277,10.279545150835137,6918.712326662253,2.7500526134605447,0.580066454285347
100.37312029893847,6.018544431705543,9452.98944257666,4.109967142836561,0.5887200451651355
67.95877314407042,10.712627331920865,6841.277763733213,0.9412231557117628,0.61541563620399
80.12951309730923,3.7143161962045834,3349.5876486229477,4.05837411395045,0.4989237477205572
117.17122195738835,8.496154132025943,5030.764208436772,3.4951042957135963,0.40589613004723823
24.768816375777725,6.950512323655429,6474.9641813429835,2.823766989574901,0.2843483130866137
52.816802764722695,6.1011904436451765,5130.17556684861,3.5276865649726026,0.3707225526323699
112.73544616499181,8.061695029988808,1243.5317702231498,2.1188869208631167,0.28974037347498766
136.3768888993359,8.63085673307465,3155.0372442876055,0.7781481712438104,0.4167989996643047
86.5180674750366,3.0349061572024727,8033.840504008644,3.3622496773003,0.8427905039772199
89.17475308449103,4.33562470997759,8621.109558650398,2.6708943027595495,0.6770826714033261
33.93236147417089,8.70436840507455,1416.1353255199238,3.2329365226596005,0.267423391718991
78.16360768704911,8.33108330862565,9526.24818636731,1.7561940270396013,0.5395526832812871
89.240244639153,10.728380041029418,3321.785047593663,4.543646228965196,0.558188650670655
51.52116547251485,9.088302322006264,6640.021700370664,2.9781123560203273,0.39169383837155347
55.00162002341953,10.606181661850705,7530.660202268978,0.5184721730252818,0.6399690204633028
69.04694120360094,8.620324012278456,8128.865034646939,2.304039554451701,0.557081224033393
22.609255711104428,5.384417669115545,9460.209537148005,3.8061446682438085,0.5633797224407033
61.87029152581318,3.842919378006852,3163.549502886785,3.991259352488135,0.4965013502918433
47.488240909550804,9.254590906759486,8592.139222787968,2.5235255585424183,0.4539949965039248
62.574655783128904,8.153193771807327,1360.28468919026,4.4842630970733754,0.26266508435402036
35.569077136502656,3.38548809914637,7065.157018218248,1.4115753422520583,0.5268537879185557
135.76854649618633,5.880403727207827,7432.678408664159,2.1119336164675064,0.6108587889321039
97.16701896202633,10.654398523874288,6793.346249953139,4.503124861787954,0.7031106976221776
108.28330148878365,7.00320916568161,2560.531624544772,4.491657910710736,0.33928060311435587
122.59226101895398,6.461833088157637,8736.779312801273,3.4599925672409366,0.5146275593407452
84.79748586077744,6.661596841274352,1730.1417105354303,4.3090046808988784,0.2927382839719874
31.29963745136508,4.67106179204131,583.6661756322668,0.5349890080855401,0.12700868146710986
89.8238504364112,5.949657366918362,7188.776656588526,4.338475383418104,0.44640352259139504
96.28934534271428,5.958506047897413,4780.983366565701,1.6710375420961114,0.33496993759976246
116.9071316439629,3.418840161499779,8498.525298588827,0.97382441089826,0.7157571118089385
76.11574100985831,9.140541028143346,3864.8015535296768,1.2729121980760272,0.38761548991232336
36.58543936342329,6.332035455231032,1724.3719556517426,2.148045689268047,0.24842284424829628
56.89086775383418,9.577439094531385,8372.599815075204,1.3308408225618895,0.709472952855869
67.20069853182255,9.802784008959163,5511.6508348187135,1.6707811714808456,0.5062685940900873
103.96924137310816,4.6959524375892645,1932.498134284031,0.7613945817510462,0.4220383901935908
94.20117960695855,8.258827857361029,7217.820785935135,1.551266151239093,0.5012589778377655
66.29257436672,6.778254433303854,5135.58070297053,2.904190691255806,0.3577147864574551
148.24698234308735,10.041253903371882,6062.914173291182,2.2650831696462137,0.6755962120636105
98.75072651639533,4.725925433411633,4635.93846515549,1.798921930055965,0.47522005700283537
50.83948292567928,8.422505602480353,8295.654388989164,3.757615431399859,0.5058183366630882
33.231721440652485,7.862016978021781,8304.149021046345,4.478198859827257,0.4002177611143422
39.871688093963165,5.362411820574662,7108.418777152643,3.808267192221746,0.42295566942682267
51.97450468998606,4.092807229209381,1098.7437050947997,1.7268034403766281,0.31345338962964453
40.88857852374224,8.213118083818213,8396.595925945485,3.7477666224040136,0.49821812102101226
44.25371312666975,8.908779665058645,6726.579156302452,0.8447028941228509,0.3734109813509446
57.06237193020012,5.5250187501068,6985.39045174278,0.7385581416473255,0.4245746181298107
42.53856738831813,8.15866083217851,3661.679262018523,1.793572481477179,0.35459532966107077
136.57950520143527,6.161047260892026,8798.831583762216,4.0577416083158795,0.6764526512977425
30.430386936013488,8.705655066260942,7267.447422336832,1.3071064114872792,0.48365776899827395
88.18648064413311,4.593722199152425,1170.2751419654849,0.40994170360353,0.319088669375765
73.351587508656,10.121720021089395,4107.391442341319,0.74537672251114,0.5046563638795134
147.70922019811883,5.299276771724638,8869.484601503409,4.307850345794943,0.7354613531735046
34.565057281846805,5.942287902049223,519.607181888921,3.20553809526171,0.20508905795384447
71.72122787594641,3.4647356166427983,9616.095365438392,1.3406857005128858,0.6709700578461897
146.03115632579795,3.892097698570211,6807.667554779649,2.820949544108089,0.6632248882822029
132.51592636621743,7.126895221698625,6332.190977551597,2.685140149884217,0.5578506587685237
126.21936922340639,5.140741413823772,2742.0646020555146,3.3116362943592406,0.3946961956865246
53.52736751584218,9.683841805937554,2525.4782979548118,1.2426190166659201,0.312669435262804
42.21538636070856,3.1175471092396307,9423.479283911525,4.335574637252549,0.7121474651548483
106.92361859017603,6.0327523893754895,3017.8109196295213,1.615905954192063,0.30214011828721765
140.81887858658615,5.698764374152741,7766.277702354044,3.501245104483561,0.5314513519252992
92.37917609181088,3.1546210473408083,3961.5618921604378,0.17901076722385298,0.7154537450860561
94.30964963108698,3.9949471920040818,1435.5780043078046,1.9260199364813217,0.40931041824999903
56.39728217583694,6.309141399349082,156.61721206882154,1.8233781079981608,0.12733307151351964
120.03408131495179,6.942916675579573,5465.360503301746,2.763073700056771,0.4647468698769158
44.31568731247803,6.234317978038953,9758.999244561881,0.4564076827082628,0.5362574481730726
62.078300732551675,7.247501427296751,3722.9051284015845,3.971643731257931,0.32000770887435837
75.30673702013418,7.761053399245452,3604.0637232307963,1.167125928661086,0.3443804965479833
85.98934922897915,3.079390569022685,3473.7115976019486,3.4174852929218504,0.5752444884530028
51.51326521396043,6.712761275628031,5229.411181183341,4.035739403896057,0.30193700776363064
34.92878721609646,10.707993927100706,4434.615590071721,2.853197085583415,0.5685991978059403
99.38060551741223,7.15225824103639,8805.150535933793,3.7303277129377292,0.5130140738207831
57.52197192123325,8.420338139671625,5079.931877648728,3.3431155298535273,0.3568683190921729
95.56096878493959,5.494910863335066,5102.190489976259,1.8420960060448375,0.44073514013182613
40.0671529856463,9.1919310252221,1426.7973674695381,4.06340684126447,0.2838822734448846
82.54821324112626,9.183371855008922,9828.258432058341,1.5440367124390872,0.5525535515809701
89.23662623170617,7.170368381233112,2537.2302641448555,2.8989432969824342,0.3029838437467157
26.7370597869155,10.80811058623371,779.9724712230466,3.752448921793544,0.3830755643601033
63.758556165209676,4.004401718101227,6648.305177303328,1.9568839580812873,0.6007842732928382
37.47390800206665,3.135581319116648,5973.8953830608825,1.5835612773253829,0.6540465154674487
28.238746161459808,9.161265694056768,4180.6992572278195,2.3507954498468315,0.4079034866722187
148.69483021069288,9.457244298919061,4250.812727112747,4.108021122310853,0.6292552563958267
61.90599984671399,3.96165783296461,7861.38601441199,4.656616639413757,0.6921836877789812
125.28367796110253,5.124662663668849,1997.3407689915082,2.770908723013462,0.4499075680505513
53.1032851192893,3.1404189069330313,8211.520523501653,3.3411844060858944,0.7499190096719045
108.59535388911081,5.3464688862445175,6505.0337832554305,4.526040748970679,0.518553311988082
118.82962178565926,9.185134991349372,4218.749249106268,0.5828795719234178,0.5133188026683353
97.43303627901976,7.1436842217006316,4607.384735009493,1.2371850315442088,0.39338126322060457
81.30490451152059,5.784764745346305,2603.639711501653,3.5736100306327545,0.27195805051381505
73.53931883914491,5.973914359250642,7533.537610334899,4.136347863370268,0.48565032125127033
65.3528746505894,3.0108290057237452,5153.103685937414,4.2994422388198315,0.6511854152593122
140.83878875221734,5.398404220521887,3242.502700360944,2.13402516658917,0.38983083291195064
127.98052301240479,8.171669933103445,5980.698651821455,0.5377655212301475,0.5527253015185177
145.45349838664663,10.793555550530858,9957.557797910664,2.2451292387681376,0.9534134183544434
36.158639053120815,9.776486615871196,4380.859682582711,1.2305994920145638,0.5056112425956851
115.01277177647376,3.188759717164233,9210.879437747264,1.5268626294834586,0.784869365125779
141.98425938673492,10.188484837398715,3482.917557249433,3.8841110285037788,0.5733225729874222
43.56029860153582,9.265587306389008,594.5904339036096,0.4700827215268457,0.21391878895498947
28.644514757681073,9.243008988567844,2082.208958365867,4.15514796565544,0.31487691162712467
116.34568440770768,6.663966072028572,4216.016676110457,2.1955785205384286,0.3991675621541041
94.68150471338855,6.184042343636023,2235.3675395159617,3.020713262392916,0.2933544521422619
129.43774097857536,5.423325830665541,52.2590302716426,0.5392959330548271,0.2273092088161549
38.170408961417635,3.525558871634926,9154.265300587896,1.7530594839506703,0.6322252960011906
123.38475054178572,4.825882907949593,8446.600141747744,0.5395345031727443,0.6642672227224086
46.21155160620679,4.972829079824197,7435.807703295124,4.811564242117437,0.41254649087635736
41.27527257254158,6.872616557681613,1719.7552266779849,4.055582081698628,0.1351528097524634
41.354553731029085,8.979555252773551,1247.6175832893612,2.352200496346655,0.24230603555015232
125.89471363007968,6.790478627183573,722.6672572502124,1.1956524867859886,0.20660095035707018
106.47563869050602,3.462755595577285,7254.090428290566,4.673930015724276,0.8200539307741571
87.99850521998552,10.66231840790563,9291.639208844459,1.7885233190621619,0.8633213251053712
66.64796293605532,10.541794552752897,4333.831418084718,0.8888237152681363,0.4649325199132018
134.03607030570407,9.281516345187267,1235.4496863606792,2.859505503424379,0.35161400083981137
71.01786396494259,10.930623212513765,5148.3085662844605,4.724493189689599,0.539365849550167
126.15792713130502,7.355858662402103,3520.87747921337,0.11876842345158062,0.31851763952976564
77.08753811412839,10.702146802025648,3779.507997282477,1.266811731944594,0.601879552036428
69.00277582523799,3.604840324934006,6232.239710349288,4.6983934380109975,0.595006764508926
80.14837213704884,5.9254459860909705,7201.245226958914,0.938321237600094,0.47710787102581437
59.17912364133847,4.803050144054127,1150.5058087879504,0.6548929130351173,0.17596229854270778
117.18921942291264,4.56666467307416,404.12279652444005,2.893917357419042,0.39256758589209456
85.35365071202229,4.126423591141409,9943.586511722862,4.323034734144667,0.7013270671241503
50.18765036908625,7.979309132527973,2365.647071709741,2.437838106700238,0.21506084414055882
136.9446945256939,9.250574845978441,585.6137228391678,4.973364857754171,0.37736203725010703
69.90585877851748,7.626387195362885,1939.2595245044038,3.427941327736165,0.157356945472058
90.66187194481851,4.175701676705677,437.630571167219,0.4629670453311939,0.28168107935145725
137.8413744253911,9.488990159467768,3948.5184014408583,4.9648774452416795,0.5837773773652342
101.15093946881898,8.087637657309827,8033.897755290676,2.098681760222933,0.5489091941222052
35.19674529208733,6.105325649015964,3445.38227508932,1.5082724158428646,0.280172971963143
142.17817606975177,8.393042364288505,4469.624898439747,2.8336079995316394,0.48954280117161775
101.60204689928432,5.079239833942663,6772.088396996016,1.5911071999222353,0.5334246214332659
63.537729905421195,5.761537667953684,5113.495997195308,0.5236417848887465,0.26103522457603096
38.105369446240346,10.33988674505592,8621.384575912176,0.10699888108796593,0.6261120278694128
123.22327460513847,5.324036045371363,8667.054966705276,2.3029584293092857,0.6250624172963806
100.60945827070675,6.759906145263493,148.61142013697875,4.200630768910302,0.29910752688040054
89.3499419569218,10.121129099168117,7791.560749507832,2.9043444095873756,0.7070728077246405
136.2060357966245,8.66177080214022,4634.299322404655,4.99611576482286,0.5680405315859227
122.517637459189,3.497625809317622,9888.963385971447,1.50554856367128,0.8919685519596707
39.717734365257655,4.178424354231763,4858.15915496058,1.4742298173242714,0.39803668218835225
60.52386881342127,3.0627327261753345,9869.61465661356,0.8827723551463267,0.8247727767684968
52.30358817588055,8.047374321833306,7557.965143997079,0.9039115825001425,0.4342869475037922
116.71301803444801,6.581387403283347,2523.618601902398,1.4974143204492345,0.26489158510832594
24.35921651565132,4.074198807218204,5407.030043905229,3.984916221840283,0.4347525376415827
94.08565903327114,10.663472968454164,9921.749612811898,4.5382082741185945,0.8363520804656764
119.11962914628977,7.237277791564959,8582.42954713164,4.877927131567638,0.6479147882342662
133.9795327790274,4.935146352903113,1018.8005932226499,1.238219305072618,0.26139842861696194
64.47062733306797,7.00482856923766,7078.4013682594605,4.418357973509049,0.4719652307785047
126.76344960736166,8.436962661880862,3488.5168794145898,1.7084499374589517,0.35898119685271246
34.38212580417694,3.609913743788516,119.47350570946377,0.6529186681327336,0.24189998217742162
130.03879792548736,5.197630520383136,4064.635641818646,4.363122135048812,0.5248937182144583
36.57352610315772,9.455723927071949,2385.8064961634645,3.2169176097537315,0.33508311893700843
71.64734777284775,6.67731896322129,8197.749241678692,0.9071813907972025,0.5225573529840741
123.64839755134197,7.372617136258359,3406.4395580153664,2.206173161813713,0.40042214725746506
39.489265555340594,6.462528017675754,8283.86075484048,1.5075627048976317,0.5224271609173693
49.80268138024339,3.351199541144041,55.94949140621332,3.7102933866799654,0.4070323150491595
113.89283389109862,4.325998238561247,3112.8005427598855,2.3217395300589136,0.4646397193345947
113.60474975098967,6.564333109935127,2449.5938823622314,4.947471731021286,0.3310283644944243
103.34919227508865,4.6734837232634225,2373.995242632679,0.3682504130720161,0.443748219574429
110.213297780723,3.39983222927743,728.4568666663538,1.839574804067609,0.4506519218197449
90.5541776351875,9.74919731241459,1911.886490584492,2.4613108188388897,0.36198265168934707
52.73387765790386,10.849540233312926,5577.718220361918,2.565354418266767,0.6079900266775354
64.94047915550954,9.345142991973916,2949.0426747355577,1.6480855296896204,0.24328060414441438
43.60770318418534,9.830279373637335,4203.078084175022,3.6732772205780835,0.4281379905225131
138.0985729733717,4.935817042536363,3799.8254594545256,4.386260660095976,0.39561440296831113
95.84093331959566,10.685015804105598,8765.25400374895,4.699724579691528,0.8078588347939483
72.11068417927319,4.575405635627427,9057.72504015463,4.044957546317678,0.6654447215500237
80.06075447373725,10.611438482894659,4954.921867975808,4.267842966802337,0.5876754196203509
143.146834149536,10.958554351727608,3335.0517056402637,2.7976719730379784,0.7883487747659843
39.935682405090425,8.69378244596839,1112.6670048235183,4.146852309491392,0.1211093672364592
96.20987816218364,10.849149854334575,9536.358649851845,1.587169154824966,0.9129845588520703
85.76552825498058,7.556318236536829,649.2581017579596,2.052545934335151,0.2266645890716248
99.48905060650422,5.076334265408723,3011.6202618043903,1.6528737677108674,0.2865649464919052
22.354323896709268,6.495967085324967,3015.7587016415414,2.390197943694835,0.32118563439765624
133.37610816273968,7.748487483030288,3237.9927970951385,1.4993401195693183,0.3734846099279748
141.1753767228696,3.58465249621612,1684.6540905604722,4.811896067046789,0.5181909061441968
93.46731386659717,7.978746116937969,7842.456237690787,1.632938677227774,0.43146895028818283
110.564607103996,10.849422694098356,1268.8537265615928,0.5804182367436052,0.5304426855015445
139.92491955304843,4.520861198269821,6367.32125857397,2.681404113647026,0.6231381055069193
111.94102246074182,9.340760930307066,1282.2679657228837,0.37978548438136417,0.3612233809644706
39.83007557885398,10.263190350236954,751.8295940499178,0.6416615149120446,0.3089960724438377
94.91748682168571,10.549612742561767,9098.823561674471,1.175008007061607,0.8186706525972693
98.87295602977126,10.681084835243578,1941.7812248711216,2.3753162244224946,0.5099959927807229
75.13698726931018,7.1716771097717755,8221.439037869059,2.2229295683142367,0.37366465525678083
115.73775063121397,10.81846326393203,5469.077167516001,4.0184901238136765,0.7155226225334845
141.46771191997192,9.058481657075511,824.6723701072575,3.7234258040321557,0.260805866411265
140.32390667788093,4.293371489895695,9556.709504808772,2.1889596405544367,0.8010637093457647
78.60911828253717,6.81520085174376,2507.263611569331,1.7351506171205868,0.19565139999652573
34.720945959298184,8.746649402976033,8603.471186258435,1.6506970419013434,0.4896302546300868
148.0293558651035,4.978722526552667,1729.6595575564136,3.8925759277406446,0.487910412641484
129.05675123797144,8.124921468391099,8546.731677311436,0.3551547904842217,0.5441722415744275
36.206148556424694,8.332803832372953,181.62668840767515,0.16282608260196857,0.16992634327203932
139.7094447402584,4.301597950468527,5142.215542866333,3.998167520440576,0.5842064947783273
133.0865270680767,7.52068249962205,7705.95366524449,2.438017242346342,0.6415193456897823
87.44894742638938,9.17301528782886,9351.215399053193,0.7413175789125223,0.6068400893627033
96.8658066468408,6.991165316287535,9096.561255254546,1.2542730795130563,0.4965615029040108
71.87035150311694,3.0968249342088594,8205.267451999067,4.669269370177174,0.8095639760567809
27.119013046864072,3.0723077526343374,8887.503929129976,4.311564580562,0.7162461698826207
63.57564141396712,5.8562347517600974,2032.2358740789111,3.577946746097466,0.1909201172977662
124.3709483177415,10.409552547454256,2877.6337423317013,2.4629036286529002,0.5475626092106582
20.602162990598373,4.82941423682887,2925.236822964532,2.6495857683377904,0.26784408558127415
63.354892319848744,8.074909510973498,3801.686613466903,4.878698222891397,0.3690299030081203
71.76193016682262,4.776606965546565,3963.5406703326275,4.832275175033007,0.30089992255684134
89.86142838192997,5.573359917276389,5468.325480314021,1.154818324350588,0.41965475978777084
139.58123013365886,9.784336716811872,1640.8036454960918,4.074412374896059,0.5088190424607326
65.02497926757496,8.830891538159575,6927.904304670594,1.0664890642183824,0.47243787012141464
65.1039162465096,3.763194218505685,1717.2870660798396,1.1463336416313619,0.464057441272143
115.8751622542673,6.429616167891469,3137.5693969402478,3.4128558674064267,0.33989413032666077
78.78833231567492,3.2333581091621157,5058.284049531233,2.0845053830789873,0.6210209922614196
49.19862698219765,6.847121172824072,7974.5835871586,4.664567594821949,0.4550141570108601
78.81713709725014,8.299472093608545,7407.718870725336,0.5361477009904433,0.47360122931266846
38.31141264937398,3.9480209887852125,6473.066846284696,2.6064756399665163,0.5083665952778766
42.93030824580903,5.311079511273325,1599.9439427726932,4.600755499171294,0.24351391985260623
84.78781045613236,6.182693004017255,5493.101188874998,4.5301569363495755,0.3615642793474263
74.46030843559123,10.356248197248398,920.0926929088602,0.866993145737132,0.36762174804898495
138.929967138853,10.946040123383712,3804.763609126675,1.896524730472637,0.6842268159284104
67.1112068851623,3.359290391964927,4164.489476385093,3.133694860228812,0.627639261828137
95.47648553614565,9.088063387963135,446.12382248525057,0.8810349353798708,0.11697023613460375
102.19435742953895,5.973792531218746,2776.1815897262195,4.84330864302412,0.3437609128654787
21.702279356483373,6.13966548983584,9558.71219930157,4.582271710765536,0.46760337681516867
106.25985836217238,9.03411978677618,9538.64444790541,0.918055877268899,0.5700494821955624
43.14467569306768,10.347411457163268,3555.654189812766,0.6936617601788285,0.4633907527550898
144.93914127102917,10.607428756020386,478.84608403582433,0.5185015657605,0.5600311615213391
39.326154607904684,7.616980688306566,1831.9946463154063,4.556273953779493,0.2011102021695655
73.90113608451308,5.8569692744040225,3952.567044663724,1.048756667997758,0.18359524198085944
31.0954568502237,9.300392686870234,9480.407994793837,2.1397961498673386,0.6275329886951437
149.59365273997315,5.008011066098402,1454.93068219499,2.299371691694815,0.37077434118453656
85.28535134306154,7.512592230668142,7646.982644498712,3.0351541166464813,0.5051103194586185
97.40005225160569,5.868627692198985,1131.3912667781863,0.45150318436238235,0.279141954470524
28.719942060495573,8.25304858966301,9813.512895043204,1.2111172252625284,0.4478696854547819
117.49486115189312,4.923191303148055,3847.084166135893,4.664302895902738,0.49033106582117647
47.287727102426146,4.532743565878606,7763.5836620456075,4.551209525615991,0.5155291439082231
136.7470576272928,10.345912693403497,3458.7812739707615,3.9283241722878923,0.5080325779967239
46.66815326266094,3.814429463596295,6295.305327730147,0.19506610352925563,0.5965234501652422
44.78940368627666,7.047663261879453,1960.5600431633654,1.7023331656309004,0.13011860040482404
24.751456820252336,4.766822263704071,1502.9091420047773,3.1769978031802486,0.1845589626551749
81.3687028642999,3.3114397066053396,9383.738188702906,1.448432037690031,0.777244169260646
93.42934732414014,3.288150546331411,9180.590415149112,4.556974805763509,0.8355585199227777
28.54212312568581,4.401774176846619,8880.31595511818,3.2060583629789656,0.560419138022191
120.81859017035137,9.934162836048003,6273.062829157605,0.4523429148505834,0.6590573680913316
78.9275485172436,5.259829951816213,8092.268701601968,4.554127385294945,0.4707716370525328
88.17073501258541,10.603673364602365,736.9175222681804,4.793056625063491,0.424113764795791
77.29915710196966,7.652978343913548,3381.1509668122576,0.4807908501194549,0.2724545972478746
72.09919791379238,6.492913518150129,3171.3460913337044,2.7085651508204434,0.36249841800975563
92.75324307006832,7.640710677355637,6374.670953428502,1.5864849828494354,0.4237677623528301
40.18123197099263,7.133587081810142,3591.779846032873,2.0249114747588717,0.28131471638768646
43.65065696438525,9.0702100300586,1527.6424773546241,0.9802909679811753,0.23509649658125367
132.03213073175726,5.259968527782818,5984.84740036476,2.932553299860822,0.5142081404503506
142.99501007737226,5.824403132802419,8153.120010657361,4.794098830919564,0.6059747284398918
68.53021111636788,10.152754420266007,3852.1287698767333,2.5650557413308848,0.4734636924813282
55.19680750866199,10.571652105203244,1366.073715229893,0.5062814488329577,0.44168270823139977
103.71994062107206,10.140465819891796,2007.0475632625894,3.1380065340393015,0.537433809558661
73.13544224275253,6.355583951658509,2412.9588864353705,1.7670926728111596,0.2576831006632387
23.300226235844832,9.242924024055053,3033.981050295635,4.294033428997359,0.3476628477459512
40.29983765760475,6.81068586640879,6445.8109515377755,2.2299229267507044,0.29469245429795
113.07638975016168,6.9803188171688175,6029.407571150304,1.0449140838170037,0.4188914125096769
105.66011244831968,4.637440872458272,6975.994622592039,1.0364175511866103,0.5407488695319298
23.522479025452853,7.729042426068132,3656.894746088556,3.8669444855336863,0.2377989379754627
48.85638105128343,4.4890871820267835,8248.776636205785,1.4013792317060636,0.5340777233821107
50.03972355644928,5.65251759253755,2080.672228499815,3.8594436313801928,0.2608805201869526
107.34605666783469,9.840241612959481,4716.955437805632,1.1088478227563372,0.4918985478527811
22.56236990806734,4.656606473686842,8019.340279337232,1.6762632066364163,0.4920011008284602
33.5341156579946,3.5692662813874625,1842.5785449395614,2.380886164954527,0.41982048584882103
123.98909109851462,3.5520607409025304,1143.1379817207903,4.721659663497909,0.41232653785888823
43.21080606706337,10.526276164024864,8842.655478495499,4.6654839812937405,0.8063799852635525
104.85699402074371,7.055363503694677,3462.150144453999,1.1136721895692103,0.3088485102118296
50.96376153607444,6.275296574536147,6854.5077428448685,1.855273302091057,0.28302918044808756
32.92738105871487,9.487028648063347,302.21861242618786,0.8320570034234844,0.21748310504692614
51.61238482992903,9.686607423284128,6915.966539674024,2.5989268886361363,0.5258233623205374
113.89470114123569,5.657528264924837,3195.2080498923565,2.3568544984038664,0.36476202202921254
131.24054085381715,8.548944459790363,604.6214931950453,4.513724796008589,0.36780297179410726
127.92858239370891,9.168982526815093,6117.636977403765,4.657026351176256,0.6119193534053293
71.63385885039912,8.237205494927636,2445.997969928074,1.9794802159357314,0.27650390441241707
106.851067754184,4.212760598400795,3898.7320584162057,2.5095159207930484,0.526816225827047
46.64795840405672,10.007064668136456,851.7790822508102,4.491557620816052,0.3136655044438042
58.10920493393172,7.31275642188807,1514.274348394706,4.052868257950801,0.2703023279037543
136.52365640774556,5.2597794109600295,3014.873493183645,0.11791592558878146,0.3400700514635914
21.690250056395683,6.401825483501551,943.1070305735635,1.6682918644995544,0.11204336690598002
31.11610901108085,3.300568723191259,9112.721333628837,2.166693785487017,0.7152237090367944
47.025213168983555,4.0229344097793405,110.16807968058527,1.2256097900478355,0.32005637212169347
23.449186503596565,9.124374004126887,4864.4091776998985,1.0779009178901,0.2982706865819232
43.58660656167365,3.000093078042929,1276.312208418887,0.28514408231883037,0.3661198151974127
95.79540292605998,6.332526627858337,3111.406940305588,3.252511652841827,0.3179210986684288
74.78519157702473,7.1800814486847075,9264.292620191742,1.3863004233675118,0.5239150874909898
136.04732244000672,3.4370753600077784,1658.860805076169,0.3565011743134342,0.631101201721505
126.26766302599732,10.784625303778663,9660.031581197409,1.231798621587512,0.8355897780175184
64.43625572072388,4.8090026499973755,2097.6540510447458,4.02937836889702,0.3656278783992158
53.72504634606802,5.433589757090247,7428.5827792449545,4.272296990068078,0.5760540804642424
69.3600130617447,5.431540098040219,5489.438785728252,2.4670246014471835,0.37999604789559105
96.73834252692501,4.843333296938799,8850.563339587754,2.1387462850025627,0.5600912195812806
54.848273306973915,3.0117905766904913,5562.232892256153,4.891483098158731,0.6336078463937532
101.13935802038742,8.834758352703972,5368.864230605272,1.0827668319815427,0.46058326372644165
73.22351478486127,10.734763998394282,1994.8071036655788,1.1552604859875817,0.5200230879497874
91.76613351075743,4.7943478662803605,1703.9821524140043,1.530149167478359,0.3019268614531976
76.69644878759117,8.30437753442738,9169.067053599367,0.9465108595773278,0.6181449611079358
58.2805487404493,8.93517061566972,3311.990078557839,1.9588914312005146,0.26245771743584884
143.29892990508037,9.787403032724198,3752.2184368808144,4.563087712249794,0.480905694995478
119.2687532407689,6.381033576108873,7610.245401362465,3.115204419080014,0.5853091171229937
38.21471284963883,5.423447245123434,3421.293650106933,2.118538088200092,0.15336387683325825
132.90083686672867,5.602361072184249,9523.021344058077,4.678612893398952,0.6580150705630919
83.36605577243677,8.700970664788102,7392.381301538063,0.33747473913152937,0.6540205597985892
136.2917894962319,9.534235732045088,5994.420963605529,1.130353271719121,0.6071022308283608
123.98118327315098,4.452911742052821,8814.906847420287,2.8728541649986195,0.6531792199738463
75.27775558100035,5.967528065262122,543.5787880773535,3.116207853646578,0.18728907252994698
22.92101008161526,10.2155215739932,2607.773787282627,0.2938317821568044,0.3595339828023022
54.92805672004299,9.453548157557915,4677.111525498054,2.074889913744948,0.42107400193551614
90.4124479059127,10.878867222099807,2308.4364677416343,3.2808544276712768,0.5948887394065923
102.35216857739914,9.033986077456646,7451.856613656411,3.5205456773766683,0.5185087192280219
53.5253991063163,6.145561608223378,9196.119908984565,3.2268855223297197,0.5774237209342824
38.11628962946713,7.725102671957102,4266.512693312688,1.6707597993685306,0.2719009980683358
128.5409307839089,8.288114033978562,3454.2193711133546,0.5582486056297566,0.43021740663206115
147.97228349146178,3.6276465305369916,9617.429784768785,2.1928509874547375,0.8490657217074064
88.33972369934915,7.355975672830921,4476.281706634031,0.7308967431034719,0.4000421969140877
42.31830716027946,8.674566627780877,4916.031584470368,4.743355926751269,0.3334461782131067
55.39995244751796,4.338570432008483,3548.9162298019583,2.4283372435108785,0.4052142824305902
22.390787951170676,9.245053739404458,9100.007306470778,1.6545699543486514,0.47848881506438146
138.85884485286488,7.670182244112893,5711.107058654415,3.8548899484826107,0.44046888601768414
35.30764077571835,10.617774285580758,7633.6371424573645,2.539948103653093,0.6806290692324634
94.94714181685296,3.3393783856551336,8127.47684759132,1.6191667176610054,0.7426623214175216
55.62717868933678,5.122609100443736,3451.397967076719,4.078641937714929,0.27859336504396204
92.04314032705314,7.8124310343985925,4365.258596637781,4.3490455399054975,0.3283332111265748
104.68465048574235,5.372479297647446,8492.294155342333,3.3977400148145174,0.6221066705177214
127.86643448193621,8.715393312569937,3664.390749174312,0.33012566979756974,0.3934850129896734
46.83476532887842,9.072042260175447,7949.65457784592,2.8749821128160074,0.49561880901158856
21.42945772560246,3.8201277125317956,9412.87360961565,3.84014506878668,0.6458942426491601
37.795131908944946,7.110835713654142,6250.943212026669,0.7688647592095527,0.2288047401675709
137.00242344025366,7.071124444728447,7429.191510146295,1.2204866817845565,0.4659840094070941
133.60571008312698,5.9542461617243285,8060.718254809292,4.424226014833868,0.608044450212751
97.66370328214008,10.463398900557376,8458.144506521592,0.1985964370800628,0.7098609255344791
98.06719185637493,9.62005055898577,3980.78071167512,3.7883629753472827,0.5309238599733358
106.45476769101322,8.577675055277094,560.0714188011818,2.4214891333206725,0.3179373628764606
42.79826622104845,8.71461308587998,4048.6688988055585,2.289183578314074,0.3443799604331728
138.87355297024476,6.693729150504953,6753.874486351693,0.13477300922494717,0.6006273753479769
74.44016823596951,10.367956168772608,4530.986338518888,4.115051331735814,0.5467462556863681
69.80800867243467,8.556763418026282,7502.183351060966,1.8631420131191758,0.5112028011299343
87.45930168676888,8.831848493246532,3601.9751732132054,2.7497515933726606,0.3428795682191529
26.105575680757156,9.893527230298762,6365.704203985094,3.4187733630447315,0.6124667365386914
41.616837938290324,5.192572714737528,1904.8770582970471,3.542884924545788,0.33220544362390997
115.94437013542816,9.456567230933624,7506.2258946173215,4.784302288247754,0.6377737477801275
30.76382683026644,4.561924823651936,5479.674889689607,2.703565770859385,0.42899148997040715
98.40977423063046,5.762735617959103,2080.4406660386758,2.058625799774695,0.36042273833521427
51.895384258571724,5.684883634158742,2954.5161763031824,4.773147769809369,0.25431472452250475
70.60842982545695,10.828203747113125,7498.656650389232,3.246340151625054,0.6960859437893778
57.53018578019098,9.852297789983414,4851.882294832131,1.5609367457551226,0.5082492314458431
66.23745314044339,8.609358892722078,2199.5128319110686,0.7196748024774987,0.26284190545648256
113.47596767395191,8.81645409292312,9674.348344184462,4.228517057179388,0.6755426895075618
58.62582303101275,7.496582355220569,7165.493947178034,1.874689853691343,0.361794343803967
93.63260323859663,10.576725336868153,9573.491583770972,3.336301634685713,0.7299214299351432
81.88655228588296,6.970070023058892,4299.695201335415,2.407000454892901,0.3341513903450824
106.27725149714426,6.044141678959156,4777.2483898826185,1.074755920995688,0.44104695013572914
141.78786611221852,4.304282695452728,8984.654401040942,3.048264382240279,0.7524622010937524
115.23437263733254,9.289645218088463,5274.240935441577,0.39734703785834335,0.5855744401006464
47.94224921679838,8.875551456604732,7087.425173461388,2.1253780533688422,0.4147486850374847
24.05380755796701,6.074840308193079,2559.120131080523,2.7784132043519882,0.1304331757312922
54.09432575897726,3.201547311673835,4494.928363591273,2.236630173181038,0.5698012786062036
97.36013099103313,9.711978621744086,1278.3261648130333,3.7684936587298554,0.3775795630547279
26.685355752952546,3.091343867632589,2099.501356975769,4.156832277272031,0.49946453665798396
84.52761213616073,8.629598237032408,59.386981912929315,3.8790910627625728,0.18376600345598473
97.58957035919559,10.762056877808456,440.6872639041693,0.2901834442778304,0.5416806873895899
63.451705806204906,6.501290625185628,9773.974040610447,1.051230975185264,0.6137570989528898
120.21858648695685,4.879787239967622,2461.419266610785,2.7293767953924943,0.40426543759069966
33.857772907390334,8.638968080347054,6649.94155956482,4.680627998174626,0.464034900598356
29.767911625655138,9.537025136124681,8399.042003056134,4.191288197755372,0.48854513292341206
114.66453830646843,7.3714425286227785,5529.0715694038145,4.228419090923828,0.48897548732634344
84.4138711068058,10.73628220204917,1573.787775835364,1.5857201494224071,0.548698972486914
109.49231153560568,3.413349773263689,7294.758551494855,2.204294695685643,0.7900823490162472
76.52755401848701,7.038364786436225,6022.501530490851,2.4064591418480936,0.3820380746830061
52.032264321083886,8.7476315785804,7325.943364006382,0.871120758414561,0.3038001010847346
126.48330129764597,9.901123769193433,7708.978897428017,0.25223383819783596,0.6625940336503886
123.9240642659673,4.43404489526232,9755.333158463214,4.739824207356532,0.7235521693978627
110.31054121107547,9.400027854109451,5756.954636265764,1.2794916697511831,0.4911750240844542
55.37886783989515,7.421656605748362,3449.329071271488,1.2757496282457936,0.25108795655837063
96.72998669298133,6.172429455919706,6502.222341157359,0.5085573634669218,0.42045822745956835
66.92660660220349,4.0537202286327485,730.98505696413,4.6496879845245145,0.29831037626624424
31.90566953246244,9.922366071271298,8979.103317299783,2.940711863204883,0.5541276190062665
139.25076481009157,4.258185665437723,1237.841062815058,3.368480599914234,0.41946664055432165
37.78642201946498,5.478302873672794,3312.0362369638915,4.566726747588957,0.3216517856953983
143.5308559967043,5.320364255699495,8166.666537229903,1.7935388276138688,0.6070513473110315
77.98075048453424,9.971312273526834,5993.258164390582,3.1453858245766124,0.53704629111495
44.067280749020554,8.381623953671184,3966.673426760549,0.29011732817154856,0.25387728070070154
90.44712315918656,9.373451177530978,4760.684810781463,1.015185388332534,0.47925611681108526
133.48295866393306,5.003743190339992,8552.746562361694,4.173104444940718,0.6913303597461733
115.18923523324295,7.998992796855991,3433.0436412959266,3.8571649460578454,0.21643400112371414
124.85294922198847,7.5739678651499895,8703.014363881104,1.81814918814002,0.6305713867400633
105.64183767239325,9.66264301430617,926.9375882180804,1.9463720760936414,0.44381799093152674
109.99595338732082,10.248696483850084,7779.1444502258755,2.7144167244125397,0.6705667950456436
130.3954347034915,3.0972541718190945,8483.098948894627,0.1011809229571593,0.8192651594262839
52.45684115169417,8.39215935247034,1859.0856457315206,1.2820972465863367,0.19125651382382208
83.62524527360827,3.414686392957832,4331.947997103394,1.1203358621802508,0.5408655345752205
48.75722743654829,7.390869320618847,1696.7227579033733,1.327366439073841,0.17753184038210687
148.39684103956412,5.301061832349426,7080.711083492467,4.048938628413863,0.514922693836124
142.72771415925973,5.45421279617713,5376.7102922134845,1.4704018970775716,0.4590833985948989
25.125485477905766,5.823668027618853,6371.467299747795,1.038454478045726,0.4176871949118653
111.7247724270395,7.970339592396881,2005.0453212143009,2.5708909578858545,0.25588906059759386
140.28228126403656,5.672399725350154,2156.8713274215743,4.341660678226386,0.4415970893795087
43.47479486655336,8.861592404722243,462.8983888235684,1.2826135488037496,0.19631727461726425
93.83287997184183,6.2362190845909575,3254.5719751975107,0.4848275896847136,0.21360282979660689
139.01347868644544,3.546825602479669,5619.459380270066,1.8463832056633573,0.7421098541400546
24.41297721615385,9.270078739872858,8586.452394273421,3.7634939403683916,0.5093334139163029
110.66463474208919,5.286066596741648,6685.928102213873,2.798383669004494,0.5046317153991982
58.6553709584316,6.462135036794101,4382.193417827527,4.102287510914302,0.31061341388316666
140.17150539894897,8.483551065775213,9533.54513822167,4.802001523285246,0.7104947911318176
146.2375718714978,5.659649257189696,7206.489745729527,3.984046136082924,0.6269587351965249
142.75464358474642,3.452685249173725,9305.143768482372,3.058635086334392,0.944019523711635
81.6478481654703,5.991368376102509,5299.500334058049,2.517373781456665,0.4031279520407963
132.06554462861075,10.555588661554427,2626.097534191739,0.2963385231065067,0.5164761438490133
129.79142180955915,8.133875178388465,575.6255293289838,4.9231776961888025,0.26963381702748335
61.483061521623235,8.371833189337655,7274.544272264312,1.9790575006177087,0.5927521656777495
127.75901163958805,8.05825722910112,1256.9648301550646,0.8459182481926474,0.3347858828163712
24.810992513014043,4.591937111675494,3062.6125263060735,3.3668733914426383,0.4227945570778773
97.5150842026669,6.346670912818241,5348.085533444779,1.4930126165677509,0.4656663006398556
49.9011488474014,9.007518386906547,5665.945048408489,2.9703135275621335,0.4201386865371642
35.673695151046246,3.810983180425273,6025.8028100220035,2.975162748438497,0.539139936924285
30.00391621179719,5.222822208717698,1704.2405369795213,2.284076122424059,0.20085444563369048
110.51754086415816,5.210552867726829,3828.387177975405,4.196981216170709,0.3342566854974672
64.18374528984859,6.456151420756048,6191.082559813819,1.398338601621671,0.3726711172881662
114.219680298739,10.84294992753748,9699.697703106158,2.298299698926898,0.9532399678759496
28.496324303862508,3.5400203734705755,7289.929820111903,2.7346914300957605,0.5708222739043801
60.987743917979344,7.14960795504476,9229.907383084881,3.3517611317597686,0.5130193422149107
90.13386800879384,4.434917456097684,7634.009980226062,3.941462067477389,0.6497277614769335
122.79401142906526,10.765412363277953,5937.583840479384,2.0345556861034546,0.6949217202656796
61.43782538116909,3.9064280378197136,1960.6325229066283,3.2656300260733206,0.3686530428985132
101.36587893681119,6.22880801889273,6683.522236330505,0.8379936700357438,0.40601241101895197
135.1771072707043,8.903079878676849,6252.626681301075,4.669975692658145,0.5300717594153093
100.06221446369959,8.636435424219563,6044.568246049801,1.9769881514629175,0.4108848929859699
50.28473171797239,6.381829095151458,4923.369386482996,3.674654967684549,0.26266836944730043
23.172101602349944,5.772193343621746,5310.133209693292,0.1996713012226705,0.362996984562739
133.11285360712088,6.180899028422965,3377.7031448251355,1.1054170002335544,0.33641594186639
22.765023410550327,5.114210105269114,5217.161291790917,2.4867044671855325,0.34637684901084625
133.71121744894592,4.6426635096543984,2015.6812615008587,4.403437091888498,0.4132519932598121
88.76182742353755,6.86431758047112,8061.485253735749,2.683550234758318,0.5466589437342553
142.0788008066765,5.148270048540859,1898.4806992521426,4.656365363240007,0.4723208842595601
123.8418206505765,5.299693319178001,895.4145844001908,2.4706047932557023,0.3633883131340164
149.73143436933387,8.254048507796456,4390.647962253715,2.503200574006155,0.490566999256823
65.59253600872232,10.748298653599138,6600.159023085315,0.6867592636526063,0.6506668854985684
119.73447756104649,7.829097604475001,4405.282408088737,4.033015596345877,0.34980082676262525
72.25101876920148,3.6158357365197302,2803.703612915521,1.3101305210886065,0.5695273256875748
82.38383063950815,3.604668910832536,5603.803279709885,4.5081011979243435,0.5738272260078371
101.57571021838811,10.611385766764528,3502.673237351389,4.563038679618941,0.6237603923472487
133.57802484422405,5.378326322458669,9332.033516759999,4.722219548183333,0.7281020323343529
147.93085099590837,3.7365358886598035,9230.319139055542,2.6491293966051415,0.8235942304072267
119.87554380238737,7.7923566972030525,5048.59960872235,3.4177595454398575,0.48453350022539005
74.30968168175339,7.989190226322129,3312.445740481672,3.9147278123021514,0.33273663594553227
74.77641029601912,8.188038560949504,7384.467518868559,0.7419716313872815,0.5431716330302181
115.8856992065559,5.13921622286033,415.2937876565131,3.044690255487737,0.27859852908961796
51.041028949879305,3.1208854737158003,4773.95161013433,0.2680597163862272,0.5178897310756981
34.36163470708131,10.720122955635775,3396.417772989819,2.538073808604757,0.463690399662445
66.10088049330095,5.00714436552882,9209.33205677042,0.8587291399391144,0.5801551896268842
57.341068915030625,8.408210304420379,169.4301213631913,0.996322337214215,0.16165801290712112
58.52005565927871,8.653038959029676,5550.508013397573,1.8887330767937476,0.36776218850969744
50.36900763648829,7.8800593366358855,7419.602631612928,2.218942116910865,0.3172779303476935
25.472114652727043,5.503259153709186,4875.928975864211,3.153544880207718,0.3289533467178554
22.323611515343796,5.168770030112526,899.7601501190805,0.46469925034872683,0.2566364490700445
148.4039106656841,7.781346261621625,9725.990830777628,2.568089630063479,0.6949378093131686
75.6105073856621,9.928765068893533,5204.203792192175,0.9948631382401956,0.5446757434092384
69.96246413075862,10.573869831387164,6161.153130974163,2.9124783576555355,0.6632946280693902
108.35414675009908,3.847246435230061,2404.267337939698,3.2232826000797994,0.5136215408162065
48.37300542245834,4.238628900781759,4860.805946812698,2.8278753571089843,0.49132214908496735
143.4949539135293,10.557890070264637,4320.0374449853025,3.717648001343708,0.7062574019627896
122.22485187402177,8.89228182667834,795.2136279197382,1.7444852967804167,0.30932284675615385
31.62343030059374,10.063950598638185,1106.2955177972988,3.8490222990023417,0.271695097510919
74.28550085204068,4.621061073082745,8382.851570206807,2.220558700370149,0.5758093159470004
134.2853799830814,7.700686968875215,2436.208524455573,2.4725040417807245,0.36476258701594816
142.81516289788334,8.60911675533979,1989.834801411374,3.2757004235792504,0.3754977914352894
80.76219646248306,8.440895083575782,5073.868939938886,0.18995608159619742,0.3975531266140814
99.74348059739201,6.265213526933585,7699.033957057004,3.304571684959217,0.5255816524229944
41.71441299196978,3.123159133530468,666.3678598609298,3.1310672304533655,0.46255150177911475
148.85192139780696,7.663408454434105,5789.238800400645,1.6182508720910718,0.5683216324444893
50.11732117984764,5.02481231343687,1236.143906263705,0.5203919960074985,0.2255940263042884
142.55513063756632,6.602033969143123,412.7874557149037,0.5455837045739016,0.2073390155887785
104.4540643690079,10.660648120670539,574.8023240140631,4.62379636022762,0.47360676881499664
99.00578333425169,6.192282541139478,8349.93287667399,3.477468674006602,0.5340728990403212
86.64950643214611,9.718412853315414,1223.8262120992126,0.722802807476628,0.2595972772363485
49.98707552330863,4.508324845994009,499.25607590230493,1.8479435296136413,0.3163581581281031
42.94864416071607,8.37968398420023,4407.103877071977,3.003166670117823,0.31152249354444295
48.66320717912279,10.816055635511548,8447.735045823147,4.194301354944178,0.7527928891848336
44.236974078753086,3.8151448069834943,2660.963346068554,0.3139385506937418,0.45876276320711173
121.34598156367792,3.066559537817536,4246.040544382868,1.2595023442030435,0.6611766721229864
65.51628369167491,6.468662341060915,447.22919900932465,4.459770052447362,0.18731518537159766
27.519547953241528,3.7410038644109376,4518.331215642015,0.14491119590070078,0.4419899915758842
145.98334191830548,8.98707479740985,5797.25015233948,1.0868556036900483,0.5580494869388113
134.89216504524535,10.316389310788471,5730.52518483384,4.799218462267533,0.6587264900307888
140.6077968153777,6.472167781670071,3357.6455871349335,3.1056690479586386,0.47721385465393146
149.33801694403658,5.069693137243528,3189.5551475981983,1.3821896965237819,0.4471915825725309
42.60638239853335,6.475226552052878,1110.905008419149,0.42825636253965327,0.1673401614972016
71.51146245734563,8.787582542800008,3699.6432904303706,0.2381375681913886,0.24091743977948976
118.57100184153187,3.072433292642968,1039.9719552859983,1.2992508902209439,0.6217103424278854
110.48268034699299,7.7156319158775775,7677.629649884913,4.419280515985661,0.5760658638925967
40.00646782418116,7.9063334790990325,9664.429262594449,2.137976906057797,0.4951918298271532
126.05830624878031,8.101505975167484,9702.240843833733,3.6296335089133662,0.6348982756152264
49.17727433876588,4.936176639847018,8657.457438785168,4.599596673361793,0.5580825184536858
49.096289926941,8.712421787025015,6027.8818859292105,2.0993982618538016,0.5112050974656687
89.80667497614377,3.7311318906542112,7023.613687576605,1.0372591180832458,0.5658817434177607
97.08219152942141,4.5941626917344065,2887.79773667012,2.6338778611989055,0.44765110232448246
95.41120701891545,10.019760373235854,6326.165680717575,4.549610066593287,0.5693048054317348
31.893288861708132,8.90978520581253,4583.71301692678,4.041434629274733,0.3319576206706895
134.06991214194943,3.109964432090762,4846.072530780479,0.4225662324794536,0.7151205991289923
54.528005536531786,4.987010082958402,7589.876775732821,3.4936067203801513,0.4741309795100045
36.836939766764544,4.7152518639453165,2855.0876381926537,2.902297860048874,0.29949720487403275
135.53725038296704,5.166450624295781,3214.494136360473,4.546569564097485,0.38796969390536007
144.23469476986793,4.980478162239091,9250.185821729934,0.7001589425664565,0.757702468930228
132.07659024450857,3.500210365942766,609.4317337671738,2.7167769547028175,0.4224070099006514
125.23708971423414,6.671524132774563,4882.061269212737,4.4093671982082725,0.454414294216285
105.18145748307282,8.861867798289321,9132.367964058223,2.1091165550345408,0.6105899084705367
91.6114581791881,7.853853797739491,6123.111927790662,2.461775096891049,0.3682284929751637
31.308278788483317,8.382973348784638,5486.750388410715,0.44525732056809564,0.3304267603693203
73.09891769919084,3.649193428289913,2534.9545833320844,1.4629038381996633,0.38157928926805224
68.44950721160082,10.611925681414299,3465.5911161912604,1.6900825809278421,0.5275544445503862
53.76799188884241,9.707934670744198,8527.881737256695,4.731099998849946,0.5304929487570809
114.04461477951604,9.4407225479653,5614.220411096158,1.4850700666516794,0.5686502628787247
84.4638455602402,9.58387044033414,5171.68482787996,2.358256802821295,0.4487144561854526
30.53600806799423,10.46168406506209,1040.8181497232877,3.3893916754649713,0.33568768107871705
48.623816253475475,7.354031728909582,209.48015672847507,0.8946985247985992,0.12353576620927555
108.82363927574747,4.602256142941007,9638.667627436138,2.4835676969951854,0.6624374988415483
29.897011733739024,7.934268862820329,3801.0123645040744,3.7188412934319475,0.23978414097630135
130.65689882633993,8.943051949343513,6051.969967890068,4.347590543832624,0.4816796196386232
84.36904851181666,8.903339146832202,843.1649782134857,3.168670445845891,0.298942050104297
82.47625505246424,7.171592193335041,6846.987142944313,3.378362225053045,0.5178872247025553
97.0130120057373,3.5476697546686244,9329.038751624312,0.7187890156643879,0.9237277047555964
127.20852557026939,5.968903507441023,5777.869267324326,4.734304836507101,0.4914198673138229
65.2151970272851,10.36613286770686,1304.847457635335,0.7496129796739636,0.43757415012995815
108.14209983267827,7.675591278059408,5838.129198361094,3.895897392190812,0.3529576171114349
93.54515531945283,7.306655546045707,7675.154770391291,1.3975999767137623,0.5519843001391027
54.713675122024775,5.150828115057548,4093.844538911486,4.674606404136132,0.3834383970321988
134.22189822617054,5.947591359332631,8804.385592017605,3.62780174291045,0.5970904617843724
123.66538280890066,10.162768713225354,6504.3953859057765,3.793687193594008,0.7485257432273007
105.59873850559532,8.331704380214685,8997.526736977565,1.1733899479934284,0.5717738012125502
130.57562478225145,9.299096214018663,6253.877846911006,2.2708958855122883,0.5669517478178093
132.7482461247743,6.634763384541241,1356.315321448001,3.1272846534875036,0.3236013909051153
112.08718697295453,8.041977755649263,3131.4325254966316,3.872870729212345,0.30005305522745207
128.81173268727736,4.98706886994566,2057.859735111946,0.6094009419707089,0.43918315736897817
110.67129001700687,8.643686642267891,9092.82365228278,4.815590050627189,0.5740527737323721
108.41830032883905,6.420810669626698,7615.980669510453,4.462081285717324,0.46143101648083445
100.41947916797396,6.540364118517965,6780.16377065456,1.4247080934283636,0.40886249982008044
117.85316314249336,8.194578596615052,3044.614880334636,4.131525190858427,0.4052629409306014
40.61866368809958,10.490244971751412,1881.2454818996246,2.6397872228951353,0.37551597717291335
134.5131986958607,3.5120507728689674,7576.688325489673,2.362851759653892,0.7213243921416428
133.33965860688016,9.59794589877606,4767.871561496842,1.6407271184758867,0.5314521142333906
23.80214679449269,5.339064883297545,2296.6060438987597,2.9467460744948033,0.20962711922642588
127.35617757341915,6.551355636051023,6185.388682744487,3.6764566767476294,0.42477410951977057
36.75308277154788,3.1753066302000716,451.32182877759715,2.1135712343175155,0.33704357771170873
63.56545105368845,5.408368622674504,3295.3940285761223,3.1831740457406315,0.4111349754605167
116.656073317909,7.021049941041044,4712.142096181789,3.5266333136609886,0.35824160940012995
40.898786486280066,3.449408618779512,1522.1854243885882,3.5844969033749012,0.38813200299685463
126.33571313547809,6.928765835065321,9847.312052028854,0.35463388084278324,0.5971373761779969
128.17744313450646,10.41688503086742,2130.5187776666617,4.312764247856828,0.5341397903823174
85.9708053889087,3.8431457448624418,1347.0136439304922,2.345441242348735,0.4442750035161439
20.830163323188366,9.115525824604035,2075.171995174619,1.385838800311451,0.27550897093199733
57.31495731273866,6.277368427007941,7702.158274939256,1.28464608665044,0.4112883755315457
100.20049938884648,8.241389716194703,4283.781309754836,2.4667691529353575,0.32172757923238904
147.55420314356505,5.081892783881835,5675.8886005377535,4.4454745433979,0.6341419335571014
102.13575851216689,4.275938100330866,259.0411120142894,1.9539031502449702,0.3438112547805581
53.77446553834077,4.2837009141698115,392.59152030447984,3.7736561592393625,0.3647609420503095
102.42074140294947,3.563935565145157,4485.964220778811,0.5744117818373712,0.48031829925153935
90.19809936306122,4.485173639209944,8175.719669856154,2.4326778405402028,0.6299378477398541
121.37990136964866,8.313755079911747,8858.126843140273,4.9592620879244045,0.7124736840625014
33.90748304750459,10.053524894748065,912.7303475766201,3.8751452336824515,0.2886829055923176
118.93362732526364,9.513005484729295,5406.712865905177,1.1315895933590039,0.5400380279663993
90.36465522789433,8.481074478995872,9136.63537847874,2.557063221119763,0.5926909693223645
145.1889605016693,3.8834549072888214,3910.3289062589693,1.2447613418779762,0.5782235980778128
64.44338158502919,5.313499570367599,8304.180022712268,2.106848543586296,0.49673634960874224
102.24084610741326,5.478455002579752,1380.2717612743902,3.922411716301328,0.2765695128563253
141.16365371630226,4.99965557118097,9357.175172194597,3.879001594922978,0.6836286808771894
33.3262646387883,7.120045277677785,7526.662009436462,1.2176918517216873,0.4340485258709832
141.83970334073865,7.284430519037381,9416.277208229672,4.6188942589588144,0.6650933807391729
109.42514389910573,5.855087801368882,6782.341473847439,3.0035840955476516,0.5097983283481934
28.81881768367235,5.830313269891488,3665.8691233942986,1.9616290257138713,0.28090328629324096
59.12526370308611,9.62844478324865,9384.902666620988,2.5594843458262173,0.6180833842755727
112.06237152388661,9.314342786557486,2791.889424276326,3.0648491418449444,0.38441210004763393
28.75557819094032,5.462366653445965,3355.116594514239,2.843463606044349,0.22076791127350337
95.68215982291552,10.310307550986074,7023.043759117316,2.4833846741272736,0.6750584972779441
64.96479740388438,10.622520136020048,7664.897180277593,2.5741707400380607,0.6410162734109485
100.71901730977203,5.613940336240327,9297.564664299081,0.9644183610966423,0.5655026554175074
25.94646439562667,5.835399590344439,2087.7839701092844,4.082391231092929,0.1551228651448749
133.29978479980892,7.045073227375671,7990.080450431278,2.7546255677109754,0.6677434486592668
146.5535659930616,10.528966500269387,7398.533231299786,0.7422913223530452,0.6631142566471108
145.9541211871399,10.010555465138491,684.7558347232988,3.8541697977556124,0.46993112339892074
117.45473812658021,3.8205437006687184,3902.870255041559,4.668975494049019,0.6616634054684993
36.91121121698215,6.14184594617133,2863.516297747981,4.741803806261114,0.22161708227300134
118.57421547077294,7.426969517998175,3079.6797223226026,1.9081868888147466,0.3761818768658362
23.196299139644196,7.02505978041232,9830.321451569273,0.7640326804476948,0.45650201476370117
22.876061698769643,4.550904543495141,6445.635264125282,2.6401581705020196,0.40588384594161087
62.06932848944036,9.870534169345238,7190.877770045321,0.6517852238111814,0.45218195158331187
83.52361475260655,8.415526263974698,9767.34549128434,4.676538350711825,0.6047340073798297
120.15296431501312,9.703266998814428,3803.1577354535048,0.9995401740402154,0.46970564605727555
108.82839895884567,9.870114234795778,8028.309676105419,1.338552713760704,0.6400560404986189
77.96735182897729,8.986846829325918,4373.583084879729,2.0925189817363554,0.37173594354867145
55.57146661661656,6.513684809997739,8701.86003455905,1.9775058959397165,0.5492754246089309
149.62618502050245,7.884374040123396,1847.5425360474667,3.9938481727496566,0.4839898347427949
75.40356929067649,4.282923248957945,9479.477461789582,2.3359524206997158,0.6811643030052371
78.68031316285781,8.38916333979926,2226.778498688253,0.9367644740163508,0.2450566661632523
41.271096754917,4.434026045914246,3295.8940444602686,1.4093284878817633,0.2871139845213667
123.32524133749082,8.551596724081254,7574.112729362466,2.5946555874188584,0.5979436623574241
110.17868935159352,4.836785286031749,3967.8636585757968,0.822524195388061,0.5333734210729193
48.70004966253885,3.94041040120176,6101.703198826144,3.0971128106654695,0.518467090047419
30.709535930059552,4.322275921143659,4473.506335640814,2.8721618021006154,0.27524009589618975
108.4649092697127,3.015937081752562,7436.5808740433295,3.602041350273063,0.8487595126137895
105.08645785654758,8.749916942828243,2321.895961067678,4.694752615358902,0.4003955036949527
55.52373850976721,8.859208392467032,631.6569730069263,4.570047349395662,0.13378366330877578
143.61226309255335,7.119466799306076,3034.2975048570092,4.735770528537273,0.3942473786823192
39.63752593151703,4.29090240844307,4769.371215440881,1.2991064254161349,0.43929746334308545
76.20352413553825,3.668434700085518,1721.7995193171519,0.7446700025328377,0.4235269700473477
142.67006962178786,3.153031731498296,3580.2330320810674,1.5811558324325978,0.6522071162960861
74.5645512003959,4.325985415721766,4029.8310320210066,4.485917346554942,0.4989574032160657
103.00837319633112,10.126844279865175,621.0488446983218,4.8630620256550925,0.39797372723476027
71.68727173516325,4.932294733613454,5853.907119432835,4.310692260245332,0.38451581584389494
55.647976305327106,5.834170617737725,8849.217108314311,0.6390868335249636,0.38215460377413785
147.91709423477766,3.8427638758506655,1559.8419838828715,4.742397190492986,0.5982923459045062
73.21342082095559,4.778890437985362,5998.189733345064,2.1744543340188516,0.5050926281999283
136.23289647828747,7.153796566241641,6664.15508886292,0.14562042473553305,0.5044417702560485
49.89409876584121,7.8620214647652205,4222.380070171919,2.2677293296661487,0.2601382623083464
47.70361152326083,4.9628185133296885,7025.9209942744865,0.3257389314097912,0.42439091403004997
24.047430774986477,3.4618572738009377,4136.7788577355695,2.765001813689476,0.4246975722608304
104.71668729886505,6.128262953019189,5071.141015375477,1.7589147344415517,0.3831696282450801
67.90842468408894,4.873626967410673,123.16279331654844,2.419831174610839,0.12444046326744265
132.3665724791528,4.7564313858384155,6932.615135640153,3.104534767641274,0.5813667562143244
81.51728786990243,10.678902421707642,6630.359655500008,4.357125369507319,0.6762555464580631
145.8651456289138,7.9304038874057925,432.0887293971284,3.3433177247124504,0.3348482857222786
44.118317041405746,7.455027545376767,3714.0885685815742,2.2268394555430855,0.24027533961118144
132.9210118342294,6.326200828186575,9791.36681587709,4.115196482984789,0.6878160028065873
120.95759086292642,6.431554667441154,4236.328797557737,4.5373524741083475,0.4661774306836459
120.21983980372676,7.327240030704647,5044.356781061825,0.6868238355177664,0.4653565024803712
129.82181965519538,8.571438456288858,9103.8050736892,2.7064715900086784,0.6740839729593553
118.93311882258986,8.617168769454636,7186.755664864276,1.4941086027379764,0.5518427808262887
101.408641812084,4.3735512616435965,5841.597804686025,0.3305998695970423,0.4963914939772948
37.061834098710385,7.000902016613016,7988.156579343671,3.3758788060585285,0.44100359918713944
24.22840333386275,6.295664760272816,8650.444351236934,4.327576809550205,0.5098714050056827
139.7102202160393,9.964215730155074,4596.036313785806,0.8982230069392309,0.6206494451711813
100.16454088769595,8.05135136974701,4777.328231071762,4.0808269223571125,0.4948698788396729
123.54984782690292,7.260032531327854,3891.206809735766,4.281639094331014,0.30752631156386034
82.5979056966315,3.923157137431339,9668.726093183683,4.58026816906577,0.6801560722763209
35.25006456511128,7.845103114587292,6986.804230188986,1.399896936521657,0.41081658941346777
36.27415298633156,3.9376312454418674,878.0695087703193,4.529370019430457,0.3243759745129748
109.12348733976627,5.6976526045260165,8636.448251964533,1.6712474982085181,0.6418702056453994
75.93976633693015,4.142735718514655,4831.571411320867,2.8064562659319643,0.49751372096342034
46.068214471043774,8.536589176194951,734.1013689037503,0.34748660707818246,0.12136211127936278
83.9072910763868,4.650016910689221,5519.686688874945,0.31501733300684365,0.46453276724929454
28.34716181976743,6.134874985504208,4200.784575808236,3.6298287423877946,0.17708819011927646
95.65628224887185,10.16539822095023,8783.606578383118,2.2779518920911763,0.6714439172143893
54.969142576562696,4.634531067191762,2079.7463059134043,1.3558326393091662,0.3482514208512082
123.68268308283446,7.062440511670233,8273.32286444722,1.03302613052206,0.5935186926534468
60.347054660064586,6.354173289328176,5599.002477295255,3.3827721052101687,0.3687861344677554
79.17861938063416,3.144992328365838,593.372516974017,0.10196756572416538,0.3737735289729168
21.510670188053084,9.342064908582502,9719.860748188572,4.048866729064586,0.548058050352737
29.418095413292654,3.552367250516798,5150.521678826839,0.4883230700366512,0.4426639126758602
71.02416233286903,6.794040167815629,2944.224699604246,1.0382991130497854,0.3052088857793991
82.39204851322606,7.4854263595115995,4720.598077793118,1.9925583369655393,0.3141218906180242
98.00267125550948,8.027411652916697,8585.684945999015,2.475807824608908,0.4907523272327366
57.91613523220942,8.509053034463005,3083.786087631382,1.8394760674883153,0.2803431634219142
110.34764519645053,5.026179068181721,1967.1301450426681,1.6714896084230402,0.3224418055711073
131.8159116345966,3.079830213267595,1334.2589069622704,4.823188459158623,0.6805117308518487
121.38062855613548,8.787549298839295,3013.701013982602,3.2437404380926322,0.36853367935154774
25.15044729528643,7.285252794780629,7811.478466048433,0.21482148130020223,0.29807881553057314
82.46590314351776,9.68894162565799,4742.682333692854,2.2078619513771347,0.37730863371965606
33.640923194362735,9.571106903205553,2313.441956750723,4.387542628745454,0.30452791762440545
51.465852062128576,9.746609342303065,1703.5407461170046,1.5771353134122732,0.29154549210376235
148.26613712472903,6.880757279836321,3360.658291278272,0.5633260893945023,0.3208483230692185
38.52442057719672,5.669027166694925,9402.247510212803,3.8160853807905974,0.5606223722751698
84.85545994867628,9.33246562073096,3463.1157902707423,3.0694677764867984,0.43825406097295244
100.36024546135549,6.610352904234039,9881.834555748623,2.8945312883498695,0.5845554349952994
111.32044617073352,4.467537571227476,4878.0430348652935,0.3625251420762988,0.5823948811323386
92.75432885329883,9.839792156491795,1832.6809869870012,0.7884451479980349,0.431700969368716
21.270210164493875,10.060479014178778,8916.843913345418,3.1504920414442577,0.566525143366749
62.439970071718946,6.730478049121361,4630.535962691528,1.1183368231482957,0.248348928290557
87.30251364001249,3.6055978184782997,7111.229867870018,2.5699433907672793,0.7168969364330267
31.422644888828337,6.10260871933545,9837.93025293106,2.769920261544028,0.5066238429987153
65.58150105719349,9.428301275700827,549.2447356837413,1.4891852323276034,0.27423002038728284
24.31640414287765,10.214192228369829,1012.110869886293,4.747283262153315,0.2768427756986107
30.215204630152698,4.627781939980767,7218.544577554424,4.228074123494318,0.5077878730850072
71.60002590620749,3.535788896202172,2854.1587827899466,3.639630187400713,0.4540792188113576
37.25304802559785,10.01880362506271,1883.7988996534857,0.4821699454061046,0.3257094074307432
93.78031027400256,6.115239511831002,441.6507042063085,0.6200370946141953,0.2742809560163331
109.63044598784455,7.334087714140506,267.374784262708,2.514628594738283,0.18439545209366956
124.07627088418077,10.74452649640607,7756.131751041919,0.8874954110358299,0.7302471750660131
46.01953175182531,3.532517823313783,1387.6126023270224,4.893500771294423,0.34581684318630823
41.77273569367907,8.186544059616764,4703.820128912951,0.8767491467343064,0.34634313831220825
33.59381924347203,3.5928433805989366,6078.673311035856,2.4885923937734726,0.5632637661918078
102.73593244067277,6.003751427732003,4312.10041566002,1.8841931785233768,0.3696175232251213
111.84184444329715,9.430516361547575,319.7111907455194,3.2329934651250802,0.3156644424437921
24.106198827333465,6.467777862045075,7845.839950749693,0.7322784035581821,0.400342042115338
141.70759201167968,10.977458831223604,154.6065841894522,2.2085504974077157,0.5405030677701463
26.756266874691413,7.472474279572817,7630.804449055966,1.446054660755004,0.38824179696595296
90.36852358913916,5.569297221087628,8938.379713191822,4.449982470891271,0.5353234252923647
112.17786752861913,4.760890607238025,4356.757214518864,0.2988699894600059,0.4213635929784706
133.22598608699113,5.8041642742892945,5378.647607323092,4.57726472063165,0.4564225099423755
112.83130117721561,5.9802661900764065,4795.984756545655,4.181671278909702,0.4016863315653922
124.22465079907293,3.549709421791688,3922.625755303216,1.558096510559996,0.6123194869533034
64.12852503056479,5.956593595414185,8879.874126935085,3.9675242079178132,0.5176682874963664
125.9272647870466,6.713908157913799,8944.638431166406,0.252946445659863,0.3935375356579318
30.414930030007767,8.781902017910436,3391.3728281832687,4.8376411964376285,0.2355823755068146
136.3261652878686,8.253835877772865,6169.944052446245,2.680315218689968,0.5040447333718071
91.18700889998571,8.670125241833233,9272.730243351349,1.586077027720682,0.6687099236949945
126.24871009512418,3.066909455014857,9622.482064466447,1.8766577417139179,0.8690318926466883
78.80137698737902,4.741339196644288,5114.142452199373,0.4253862319564371,0.45102011881572124
103.66510037554825,8.293474307198853,4555.606812579052,4.947812618805992,0.4842585987894083
88.43234592169472,6.871914945437977,2823.0084434888317,0.292530531238393,0.19950886798951545
115.10663782819314,3.0425078053467676,9590.77513824458,3.3090449034245095,0.9303197163547889
30.611897663976645,9.43595713945458,1471.0023295050303,2.269406045761646,0.21002616739602809
27.845770918773294,9.1824765863227,5819.304281674864,4.749689469124704,0.3758830870168434
52.12342042131904,7.387353303948501,2861.375161810457,1.3053987275032966,0.17621609766942423
40.740808414714486,3.531706606210177,2826.132488960576,2.707225437296256,0.4036507973130171
133.33186365698623,9.132120396260678,4079.437444393075,2.46354542205549,0.6291414581803723
48.497818356545764,7.669708701850912,9987.989711365763,3.5440455758454967,0.5555798319934933
146.86248325648705,9.255679817263673,596.9147530562295,0.4332501365668605,0.43987796987542377
63.79645293024389,9.013975939166723,5806.491091125138,1.0495667371144388,0.45377616652253777
43.67532903953091,9.424016575662698,871.5929724510079,1.1513676184549644,0.16099083412451637
122.6608059285223,7.144064531236999,1587.4822584056637,3.7169386987242796,0.3099465304543819
105.6320108151139,4.12259614554812,4423.651270640342,1.0267796120010264,0.581268512774564
84.76544313890807,8.36925978703751,5129.078306897091,2.910109643065786,0.35672308885305515
92.19726162189205,7.963790280415765,2624.9844632270137,1.1546947204546734,0.3356271440450962
113.4962311753943,8.938025497592697,3198.748452200441,4.321962255411495,0.4480340331550931
49.69911637306883,4.3590480484058824,915.3218515465339,4.7167087269992285,0.3776816671476105
149.52340908737645,4.559801599202314,3067.0368492502926,2.6406155772169786,0.4896626394107019
146.7231110790818,10.123276137754628,9667.256471836414,1.8263135326249738,0.7917783155610483
104.5423392251018,8.999822387616566,9449.838447641192,1.246883097585746,0.6281969280204672
45.940518620788865,10.265827909602583,3382.038986863001,0.3439269074629145,0.5038129190143169
108.42967151606787,9.069722569311367,5729.996665973677,1.4156503733677275,0.4153931818384248
29.38579316729286,7.777242447922415,9100.474141553896,3.305755321732058,0.3474730069843974
23.984825286754788,8.233061896222988,111.52903527692192,2.7147229634151335,0.10946000720360705
53.498775506457775,10.11302339152008,8116.301524859039,4.725802263576544,0.609267803451995
80.14098437611112,7.630454036095524,9486.277050249744,2.041758586209333,0.5380949405031401
132.87542570308946,8.0591305946271,958.6910566188927,3.4999303774091337,0.3532675377824911
114.53197906962004,4.251813728028805,1656.4044760275642,2.497681462628095,0.3981971593596173
116.55184775599753,6.791369760928822,9609.425712574986,2.6116234580286375,0.5058592303467965
75.3141334782498,8.731176895664792,5398.524429221446,1.412094141560176,0.5140828635793537
64.97154903110518,5.167541586530923,191.25651299365083,2.329258806525799,0.15457724558704528
68.23503918799835,4.618033444196279,2613.438387697115,2.4068464853622658,0.29394017034175185
148.39444328568752,5.510614465795324,4526.939558975153,3.5625483565697764,0.5494667530218179
25.214194883622724,4.932005023942668,6944.443664696439,4.709135996011958,0.4143424112100177
132.71409449591832,4.719301096291167,7344.945762461156,1.7136742596642711,0.6313119034138557
95.22780311441115,6.3988067429446955,9954.444053608288,0.3067822960483624,0.5971172586532913
77.02000449464677,10.262708111068273,2910.7364338684024,2.531846114953135,0.52685846060541
114.28349585396775,7.056477173909746,5405.290013591329,2.7678605275309263,0.406262427510869
83.26696238521137,4.503363046522584,5356.56930120307,0.9253587005463848,0.5617828780533152
133.54502095061588,3.6157733550469926,4086.170331500013,3.8262765707527273,0.528906267431621
137.0912423214636,8.569249161103402,1733.160843732081,4.926152631363309,0.4108737546029324
74.8237204935492,6.062390115491103,9775.692803679234,4.7342961133414585,0.5160820298532985
55.9876136405567,9.574647572682874,8540.506007332531,1.0658195902358958,0.6487449192723568
97.00554271713709,8.276086149126161,5008.41363152766,4.3892798755137274,0.42122001535086917
138.60723493016982,9.369931604330947,6052.291955706097,3.5520188184172556,0.5726081607867024
47.38608457073666,5.17556831534759,2311.24748291864,2.323848162653867,0.2881983095139554
100.98565586325276,8.538871379688466,5460.681350397882,2.7489938721911726,0.4941947765466014
102.10282861202768,5.11249587754975,6964.952824558684,4.263040857414045,0.5726003243364525
115.30469291398653,10.512547835602334,5175.911932446558,2.4526612042280287,0.609697740445626
37.10379906654377,8.090994252266995,9903.337447320166,1.9287161086151219,0.47841477385428743
113.05724540867152,5.596094401402737,6132.849479664876,2.516912715827331,0.4886379371761352
138.17422768653333,5.156094898338181,3741.188440292082,2.9377360397717407,0.4646477019067221
43.35880415313146,4.527412680573148,7732.912674777589,1.0264805035139095,0.5543858198643046
50.88063224010409,8.557127671149821,1746.1019902373384,4.514447878308254,0.12591516484361856
146.28136222541315,4.749724903983418,3875.932346377352,3.403516049265108,0.5377726761899394
43.52700385223367,7.7624261274199124,3502.241556256979,3.203017694953696,0.22896318327332446
131.07006213804527,5.117080215402859,4346.4805963223835,0.5875315082851269,0.42973022788331944
83.99612133824452,8.295751558350949,7828.709267990826,3.0604522970457,0.46736693319041744
52.14003967241302,9.519517828324314,4867.521670025904,0.6927072449686125,0.40607113847957643
133.19748716542648,9.224201945157226,7950.443780146329,0.4856186084574554,0.4689228064104879
77.88968315034651,9.086810647446253,5786.064586241666,2.6838233886477276,0.4283524260559337
86.92625601085973,4.501779245538017,3453.590874842676,2.0736491168278257,0.3770824459654703
66.70033802196954,3.7070795758761497,8109.288499650551,2.985170323765494,0.6973314857412557
97.08361068654057,8.591590627899084,2420.982222003261,0.5371886234804691,0.2761042315505774
41.25810343605296,5.9467777103548105,2282.610649007965,2.2118170079515664,0.1891634837173345
70.84059976472889,6.458769811226778,5069.804094345616,0.9564549037212741,0.41222803876205205
146.02360190358738,3.2491927423471285,2645.449997322785,4.936790421028171,0.7057915909881858
53.55734625114658,5.0766115942003935,140.4159977646024,2.8496360409323547,0.2381611780097502
105.37576639036799,3.269411230995712,6500.560396623076,3.4684406186102503,0.7072448678707167
62.274708349210336,10.03348618080998,5135.38352365036,1.6945495753447786,0.5324909246054315
120.55150633925808,4.947173465748244,4482.902254206954,0.5642206824187864,0.46018816370643234
37.01357589338548,7.458697356584064,9671.336720452238,4.88176722763933,0.471647117122428
146.07673586021082,3.3118345652890433,5733.431880430991,1.502669273377598,0.7802368475343853
78.99264037987311,8.334779130445265,8641.144199004375,2.176660107350514,0.49911826493242734
50.68656023504032,5.584218766032751,1437.5298502413436,3.2843332163426178,0.2777711743957091
29.554577152901643,10.183353495661326,5713.604308137806,0.2210167586619453,0.4814816764030955
42.0685276613803,10.104945511472287,8686.397285972484,4.070269739534706,0.6657382206788253
87.57061331228229,5.602324946893982,5851.902284934985,2.72923313114024,0.5070823366864765
63.810412936067216,10.207687165523744,7194.241072363665,1.4632642166372287,0.6637964146961648
127.75483756473923,10.96926138799023,3751.8334997314632,0.4018791279330993,0.6145997646932728
76.01537807603478,9.603325312991585,969.8726945188128,0.896242235824763,0.335234595269341
52.33285543639189,9.758970782041832,4606.1079365143605,4.485665908381841,0.48729282586701106
100.22884825852391,4.992069888872719,3975.0699388466323,3.4615186972858663,0.4686191648749971
111.88103819510796,7.6136191908620505,8677.248814670525,1.3245184360207605,0.49915080742265794
41.715448027123486,3.538047311738943,2477.7532584070987,0.4214437482306448,0.38444381406436
41.79049811748129,3.7593434945733577,9669.005563974326,3.4840150306945183,0.7405495482495701
24.767285501360586,10.991140896266325,9583.474292054736,2.904797857242049,0.7320253615777975
115.73226195853327,5.6131139954072875,2513.934848560815,2.0821456698453518,0.3319423403755492
106.29458859083466,8.98547129639077,3513.116956999339,1.881696101031313,0.4882240883996883
81.7020138474758,9.453320424214532,8960.779621695156,1.1623899520526308,0.6250528596265227
129.74215836599564,9.864186168057834,9667.89109791627,3.381095157033837,0.7540923610271405
124.7371198835069,10.981026379217251,4462.219073218638,4.8562733361899655,0.6817067520759712
96.09606737157777,4.931971882054943,3243.920604126933,0.9610047046004467,0.40082449352860744
132.87526646672362,3.3228066148775977,5284.635431852843,3.0258714380759666,0.6550653995004436
46.75935730477987,6.289532143956688,6893.303603339061,2.178506773155284,0.3677559291112457
34.549550521704624,4.040645358631576,2771.071427981049,2.2887747365488584,0.37893472376603843
55.06744949720865,3.179407113296441,7377.908087459774,1.3453216726262907,0.7564625240227668
27.42129129161093,5.883414617131889,563.9907032906783,4.143160890740954,0.15708996515134716
89.05203864013416,9.269906008601891,540.4802030059436,2.4777524603214816,0.2570566094497375
141.758739998345,7.529445529800567,3893.562666198175,2.762688675771494,0.47512491422378367
25.114660286906254,5.502223913682832,3567.0582610041697,1.5933284727068964,0.23277002348658027
35.87428882130348,8.234736043941759,3190.550492903165,0.9908614817680538,0.16898875851933398
78.78587367684659,4.856145442470486,4935.646638555655,0.5209609021938204,0.4176646164209568
141.40375227862762,3.11505156857668,3241.2991440001338,3.5991837905320883,0.7603101291034365
61.10029364697757,9.114827091491419,1962.9662887575146,1.0615479802704926,0.2893092973807874
85.94052512949102,7.989944678912073,3129.222013431579,3.481369235525109,0.3061203216358076
25.404471676550973,9.098420996007679,9750.297514461838,2.012844585630074,0.6263545915442623
39.28461612507155,3.311504133501325,4140.578499098743,2.1372965248492926,0.4480611113942483
148.2619159846501,9.696957022645218,4474.892129740441,2.3989697308545814,0.5254033439346288
145.46543053668591,7.956209600290427,5786.622650013843,1.901771689824962,0.4277900981117488
20.64219752147325,7.507162805701121,9834.240645721555,0.5930378883906915,0.4714219752439928
143.73553210502106,7.996912384916253,2453.932700535842,1.6171958690139445,0.3818822358759377
103.08559191601505,9.915465974946912,6828.756999797716,3.352298367400299,0.7101689386356231
132.82937828760288,7.6954920524712565,7174.047700740155,3.362343567197468,0.5507499634775218
79.11618123240169,7.647603039105435,6092.877947091006,1.5024991054759727,0.3748394029388321
87.02748371530254,10.925433256526127,931.3544793846086,2.3545028701326713,0.5084525696274504
83.55005543339962,9.053841336548544,6784.8791444843855,1.0478914172584937,0.5104123459411478
106.69235348099356,6.538350443609082,687.742374809946,1.1308231994961955,0.1405945203476898
38.15466311832068,8.659176000263422,5981.619363021475,0.21293073319237632,0.5004415922710153
23.896566683448135,6.113843773534308,7408.83271335634,4.494058094547949,0.4065484854822459
60.03089240685482,4.831003699867992,2149.150411668507,1.1324626588670406,0.3019805550677738
111.60849915576406,7.774815015102075,8424.138975050602,1.2149159969886705,0.5786443230693127
46.240948775983284,10.425456784911612,352.0203650533924,1.4700470199611462,0.3804501765271875
107.54621633223925,10.433116160123703,8445.937993400146,0.7242995513076022,0.7559603655125215
146.08856599394517,5.7352422248439225,4630.274053895512,3.232388127588678,0.44946602219559184
32.20709305262439,7.22141972977356,2215.0000023198627,0.4682004705701742,0.18486509798571593
107.43827536926642,4.69308718855889,1381.0925426899817,0.7575918889991163,0.37072381278183936
77.68752850959424,10.965048875991068,9535.406317444607,3.2593079602914554,0.8054433550351651
132.85849306907568,10.848943262943486,773.0225964325093,1.7643370403590697,0.6385163215806146
43.029472628160164,8.19607143765958,2030.9795283624603,3.5689443508358267,0.21799282128272085
110.04137378940139,9.435312477419787,3510.8323569588074,2.8313812488836962,0.49516358732933496
128.95498765425432,8.7208012902696,6221.336747163149,1.3545037480014142,0.6053500649444441
142.799848531623,7.7452657523157455,5470.7707984971785,3.2890569573977078,0.48932693277324035
108.82224367765396,3.4267839759111816,1300.152749502524,0.6697410334351153,0.5150232113818747
84.63271932109555,6.638114740421289,2932.7934381952355,2.7284108770921494,0.3169910800203789
100.3201412261578,8.398290417339284,2425.5801223059398,2.24202571472067,0.2819098408554022
132.95764798223337,8.420252911069477,2174.7514021788966,1.41258055580546,0.36599052613623567
94.17926706304786,5.984980947379069,4140.886147975871,3.059624488923551,0.3654768665084297
23.950317760588792,10.533535893264244,7055.112953286986,4.369534602467384,0.5520567316375632
141.0233304159071,4.338856257894248,2213.6566755614977,4.994633028839076,0.6067087018836772
109.63847763410294,7.002875569724485,3698.454853044665,3.0780375668427804,0.27713334316942934
107.94674015104205,8.527071812406582,3939.6283970695645,2.083058784212934,0.3327676983594295
48.03776981170323,8.577086447134473,9765.742467882332,1.203514791059388,0.6020396897350916
105.65511113024543,8.189111654150524,9548.930250946736,1.3597708380360478,0.6367510348118137
71.2023727350406,5.202305707614881,8011.368948383155,2.449329392933852,0.46881168805758144
104.66028701539398,4.249652549492976,2454.5062621508923,1.8996607362754756,0.4680543448543191
33.857093940038794,8.087522614613686,726.9712752121134,4.577691160862226,0.21173148481589277
105.51988959839468,7.794416929115502,3203.1961703202164,1.904647791512977,0.32824142058042444
149.92378435018665,4.434848082313928,2704.605766866617,1.929878496612634,0.6371905996835424
26.267565051872282,8.641113164564507,5083.961711456619,1.9793191109264874,0.23399978091581
147.03264394877124,6.641375933869251,7788.392705174541,4.199439030801525,0.6187261741043358
72.89803489397318,8.342084732825224,8590.313241844637,3.2888627721498196,0.5789428970703647
133.1979485438437,9.698936638161205,8456.39764983456,3.1094273665625742,0.7717955704039063
121.71011292757555,4.357827428615385,3628.771834169524,1.7373008096809248,0.4907321891779062
93.71211392826682,3.1531589439746934,6887.981717433795,4.107730466478953,0.7329033005867635
115.99839720267245,9.232820691166294,3162.7002653659893,0.28798292064293557,0.4471149644415131
134.20702296917523,7.8775794012209275,656.010155190068,4.366906144456754,0.3331970560484039
72.53824181463429,8.597116556976975,7030.574392749276,2.6124745089902555,0.4990829473362331
62.51431100322103,9.70523979990914,147.78414806938906,2.0514261508307228,0.32929207271654337
106.78714012326601,9.422487478596004,4121.366745211961,2.53611967551666,0.4241822987289321
125.01997245236362,10.687361175430597,3327.3237295556537,3.3703360996157725,0.6209437867104707
119.09706752096005,7.287480630816946,6949.106508262582,0.16255058993769708,0.43597404780628
123.71577435162249,6.907965061279243,7674.14245396577,4.370604096645414,0.5168181554400785
76.6258309256813,6.215097599125841,3075.741627914274,2.289023674025825,0.32788777364351485
126.31844810275281,4.229528342753636,8125.688793726293,1.7805359465303834,0.7104268814983795
35.6271771981791,7.580857863056179,2974.4717670240907,0.7774032716068798,0.3274022269815245
90.78358273491044,5.21610019460783,4490.947281866284,2.2533803343563665,0.4176618643518496
20.748625864755805,10.370460097703804,7283.834343790632,2.531981579293457,0.5808893091294943
62.19615788703514,7.665526434216781,6944.556280786646,2.0778688030180414,0.41011886220181265
67.63999953328172,7.742721444064881,9874.31629950639,3.425434459751796,0.5087544872617967
71.5024499092032,5.83939728701608,2290.352190948522,2.1623929909202078,0.24944058174567182
110.41073686968208,3.41591481582166,6640.063239718845,4.810946131448209,0.7848538935737264
70.51255316514494,3.253950122983909,6116.334987343985,3.0364598373356,0.6650128044142282
78.33017094092898,6.38668115322558,9155.229622175797,4.056641884694354,0.4867412126701683
50.88073701366257,3.676523024777903,1605.8033093665067,0.6358439252364464,0.33421182241332603
68.52273291181422,7.854775644321113,7530.391727689983,2.0467273354349382,0.4221176638459298
49.54505154420969,10.04778404511726,5704.272731874245,1.7505537370910484,0.5139154414070323
29.515470089897672,10.063318532149777,2782.925404389659,2.8904637018693,0.42971381091323485
98.44831713957913,8.27236328105786,4770.6273957643825,4.319456248300986,0.3396439902873485
106.86766381215212,4.689854651783448,3371.077140844488,0.4838572670338327,0.4099533136780658
100.53374498124988,9.903974650870977,5814.168357745186,0.4556165104190829,0.5817390812720071
80.2542256940744,10.088747482505665,8895.556077605925,4.266556769972235,0.6109629449758998
69.37215142329987,4.57322867962367,5714.58459490141,1.1429654215879514,0.4298906614848223
132.2333744443373,8.899408686165419,6335.6380623495115,3.3768909468040875,0.5318487639223155
87.48063206770834,5.292156391416984,5211.541078791359,2.7601028485679455,0.387847402490193
82.29364409186502,9.421122498823436,559.0967891324852,4.181178614947425,0.31062170088452734
23.33346855483664,10.977903199228821,2366.942640917138,0.7129356581983773,0.4579142369431735
64.36221759140032,3.2402080426351425,4945.417207849224,0.7359365320407952,0.5675262685155501
69.42543044216143,10.178926926327456,3136.8410732598127,2.8284099653637074,0.4806203073755916
71.84696151659706,7.981044268789264,1858.5477977238825,4.737255401456017,0.32181309825350707
95.4224079995532,10.78706095331857,5066.121777088461,2.133489016016696,0.7436390639675506
89.3683310744942,6.720076140211421,3261.9574448061107,1.7020162912480055,0.19667365017016225
99.0276620631478,9.779103444570989,2618.1710495754764,3.0727776836696408,0.47020283417912473
119.43482400047668,3.499152548786218,4666.654903531789,4.659198142670652,0.6432971032026432
125.68814603309215,5.682232400626366,1376.1783679176228,4.200946380938656,0.33079757767086415
113.35599990944428,3.5361323020096798,9281.070044100303,4.977869692592778,0.8056784944759126
144.21808047414152,10.802745067832564,8683.635874296428,0.21058605769164776,0.8925206416525574
22.370235747927012,9.535791258174694,7090.824828118327,0.653004909092535,0.4730067442012889
45.451138138861,9.820379369967764,1106.8275845051394,3.086392040496448,0.2721746367331711
20.983173747158474,10.503721851471154,7769.978681973445,4.120824552735863,0.5759893503160175
104.1717128400984,3.680827888958283,8089.175414684739,1.4976972773031563,0.7083970768193204
136.7439713634983,6.084780740106667,7689.25794625766,1.272134331367672,0.5783476261719662
51.652698554918906,3.568279112352017,1183.9605768364495,3.9561814169678846,0.42225321190815474
140.51449082351985,4.686344812400229,6456.884172824259,0.37627108388083474,0.6507636158677718
27.83476073764291,4.834926216301379,8351.531717706515,1.9099749731546671,0.47042722789338826
141.47668348471686,6.7528576883806295,5794.666342135693,2.578465190702416,0.5012001997190954
65.71094934115247,5.148497339629141,6481.753383519485,2.845708504316585,0.5018617577629447
33.18470769839815,3.8078248545420887,4610.716620291746,3.670214268284607,0.5240516802141704
83.16332869422233,4.339928712752862,5310.637832846323,1.8387440448102255,0.5016154122223078
53.38095380366603,4.178204508416727,392.0497405996659,3.1021532889055754,0.2764359925711675
57.03347725504997,10.784614383298386,6407.682068634182,2.968339571675686,0.664694760892685
59.947695440417256,9.07434005534779,860.399768267034,2.783318893203361,0.18317357518564803
124.39336671824624,10.742091722156495,4378.395213685223,3.23836813639684,0.6710093956953957
90.09096596778308,6.517923892063268,2961.918221790708,1.3713009382335741,0.32122696712063303
60.470000890280474,5.226947853301253,5477.008104606545,0.514778892564682,0.42131637139664546
99.34339183041939,9.386345577673493,1377.4925384559106,0.6844311929947428,0.33095629740070354
113.09958764901516,5.610031344329174,6931.851849634516,1.2004536750041155,0.5266537917679214
55.44112009535939,5.395066989642786,7960.36479243828,2.550969884061648,0.43872254152147444
73.7613831982957,4.8600479376626495,1675.376774944407,4.218169477675499,0.33808917725845944
35.84519213380318,4.037431825793883,1087.9152191512276,3.5363373762330825,0.2999180522892802
43.54941543950844,5.051704488134128,1497.8790537342236,3.966298960590031,0.2183080359259828
108.54532101544777,5.842557987791102,8777.419240890093,1.819780557237848,0.5563567315962732
43.5869852004315,8.391953665165843,5305.4831544757435,2.0828033340778958,0.3360506680268615
88.27123987671783,3.5005187377556126,4699.246910274651,2.029041241354003,0.5702241145883036
112.17601402391625,4.684055517322744,1111.7826000684252,1.0401786035820575,0.38475125581146113
33.8940000023167,9.472189122333411,6513.08226723177,0.39996162490350295,0.42946062909455784
93.75058855175746,4.175375388670166,8686.595939356144,2.9954888548534115,0.7616757892327772
53.353161881177286,5.741161172180172,8290.449399768357,4.947161748760872,0.5499825568237524
145.18049378088537,9.91727137486512,6279.2443543589725,0.917465554256288,0.6311909622231402
82.86093407359022,4.239402489147541,799.0232306841526,0.32875561750644144,0.3346468047548153
124.77903147077055,3.661894684945519,1168.350420401329,3.919705240937272,0.4685456837930721
91.52945048031403,6.876303960640087,540.6244217427555,1.3376714327551487,0.17368356681118452
25.643629271126493,5.419356090228291,2611.9182041000695,4.165254646229349,0.3239804249759699
102.30967882722291,7.507266915870833,1399.8315982457586,3.5492896684691257,0.23681557280289872
143.68243448686542,9.430439123867801,2637.4780005117173,4.7338003315489425,0.5059098512973954
98.20953661902305,4.097187905221945,3881.3276544036685,2.103743455207693,0.5277205601473125
126.49455172548272,7.64559267643428,9432.6787015078,3.3436522133081077,0.5690927360187342
134.946840235293,7.044070083118911,6123.241794827836,2.3777884259850266,0.4441774798939474
49.650370353361225,4.1526302881055965,8357.989167545475,3.1898846168118635,0.5395291008296264
47.565829188069465,7.991987884231859,7117.997432087705,2.303034639437913,0.35624301944422015
99.42752855062892,5.189123342886173,1169.4061487399858,1.0242980074779668,0.14784274780778703
73.4337010748716,6.9026745483521,7372.408043420791,2.5886973384165666,0.460743406437564
129.18196937267365,3.658178594216495,2787.2338715132882,2.690062587043468,0.6706380055790593
137.00300604174146,6.676672457708984,6409.123077597328,4.071958856474789,0.5163913350116203
65.94477930935335,5.451707744342563,3442.5716377477356,3.704051458388548,0.24306603023906367
50.793172666682665,9.579049689482835,9976.83901948336,3.352578957313076,0.6078419854107714
121.46831698170203,3.4558298159789462,2672.3372209929394,0.6555967682076055,0.5465502434775913
55.72478462125769,6.3488581993466395,2827.3481842039832,3.631019824252204,0.182906681572941
126.93986140677819,6.667451393051504,9310.188942845863,2.5514952661371226,0.6493989832797593
75.08597297433917,8.800048610392949,295.2118261314106,4.4810877269201805,0.2685448281191658
106.78148690789116,7.594300600721688,6982.055429338309,4.60736757723966,0.4280797472079251
32.41959079850686,8.33769869755345,7266.9975878219875,0.3702672939487488,0.42748141632876047
101.10171220795449,9.216394285214049,8371.966845233474,4.121143645736946,0.6995450778615973
78.72979823583978,9.89762378926551,9745.67114085283,0.28471721307108605,0.7922934205202017
96.25910021281163,5.511003973779764,9757.239095608691,1.8991311659056112,0.7551442104800392
41.841847006832246,7.304181642911224,699.5037377863157,2.757269880543288,0.07735192665612176
115.79358684274368,9.720864627513599,8227.30126139138,0.8256939132729245,0.8223513176025808
132.1636200806197,10.915609047720451,6480.783839890944,3.7569376815884765,0.7894068576648143
48.17617401180084,10.116154488350105,6491.0542370122575,0.140938050443479,0.509375449337714
32.44289221762102,5.971738100995014,1327.0817698162132,0.9261353373267805,0.16066609379437738
23.073016186023732,4.561332137749203,6519.3623061342505,2.9459044662820313,0.4132863009155599
103.45629505762459,6.91514029925271,9825.701676982415,3.600499053982733,0.6079450376582163
98.9222246915415,8.933131614688339,9122.594766917497,4.591551203200189,0.5621238652273597
91.0706636528291,6.940552566026381,4419.350075008263,3.5569335944796574,0.33395011414945713
50.1531224950768,6.865446906509348,447.4823341966387,3.3917184242488436,0.19062742973587948
70.81777946771692,9.705843368654405,3654.8202255020383,2.0322716171182553,0.4208085497521074
97.2819235742025,5.891230232537491,8272.583600425523,0.10629368508132693,0.5289806157081665
84.57969165169202,9.878357398493165,7029.916059578402,0.6887803678045475,0.6194104388654594
148.41211762793534,6.254438407613788,4620.469373159866,2.719317269304592,0.5209548238560363
37.737167832375306,5.625864845426715,598.2602748303694,3.408136440637657,0.06770253864312423
110.3687920261872,6.631919289597592,4297.602541841861,2.1454965910926664,0.4016055014113437
72.56143985355797,9.099575669398948,4716.798150192941,3.6803271564891125,0.4020553220458374
75.66594994032991,4.008016222911954,9289.127552296653,2.6571252471276763,0.7035791036997949
113.28770953556291,4.571353726976139,6428.806730642486,0.4634633584121298,0.6237582799404027
110.01669967216806,10.611558605304737,3150.9465207137564,1.0408796297429495,0.520377159489008
148.86327918128447,4.403933019050859,5276.916731284678,4.21599129389532,0.566678343654953
36.69125762903628,7.541818543448437,707.2503128304927,3.6520724584597537,0.024874469784607695
33.534254419941625,7.634515733295503,9727.053944714882,4.484333736361226,0.45420827430991045
114.16404622673635,6.916995696401958,3632.596024210724,0.6760305206925892,0.41005255246946415
95.19029921083319,8.157961988614549,4804.780181385701,4.952090419613862,0.39238580317997074
55.64088665277476,4.838613806380947,3585.07554365738,1.1260928983546747,0.2729342152653543
30.32451796856826,7.421298142213986,6840.991714656191,0.15772139380454586,0.3122359003184123
31.13557244753597,5.977386041975177,6639.209975379451,4.987372401362415,0.290752955468297
136.24481370633538,8.293338077033512,7167.4569897649,1.4772620386810547,0.5056808460065869
44.94275221343658,4.129788346985196,2718.025134638612,3.373295317311544,0.38787962486703814
62.0383030750177,7.56701933471581,3190.9013875824567,0.9657433394638956,0.18807164187347392
49.46533228950844,4.48216284306659,1296.249749407269,2.9431198077757945,0.3372779152734395
66.14951975815185,5.229144504920291,6572.32421986882,4.5297714336273405,0.45314787917230326
29.02509955699214,4.749678402588666,445.98141698974285,1.6688877203993493,0.19484915027070185
87.47777281807515,4.462702238950537,5996.939238458418,3.3842444826173605,0.5176697910494827
28.789633266987938,9.605687612485337,8703.474054273756,1.020727585112241,0.5879271651186253
124.04634601690701,5.285660541287123,8913.779875481854,3.161497453721754,0.6824355151179884
50.38257064835629,10.416990254915595,4517.925715681119,1.7486067239057999,0.5282764762125848
90.20154889858638,10.759412202761528,4620.071697720084,1.1349204670809634,0.65507571709149
134.41028138298958,7.570083759496779,815.8433709297727,1.6345920484478125,0.27098470625405796
104.61405797613524,4.144008981325811,6724.112003158206,0.9763212356882168,0.6431972109089311
89.28451225167359,5.99638594703665,8221.531232709813,4.5193889284056254,0.5029441297442238
62.16338790499883,9.381858106785712,2484.317793316895,2.0462157429539314,0.3309904119597246
63.29024869756573,5.939125829576564,4241.943772251978,1.3018685943744002,0.2943080370893886
107.03330417576471,3.69613774642231,8396.45140081444,2.2971984209780714,0.726434101296547
149.2381169587518,7.4542792874255035,8777.348653239766,1.6706272173518284,0.5882658933154493
106.03909468041923,9.760966811968277,2469.640803629048,3.7476543436852974,0.47077401543185277
92.51184425810324,9.367411097148018,5528.177813686574,4.858977568238923,0.5735974875743148
114.98456633110199,4.400985121042826,1965.3068488264792,2.2463649178184695,0.4801946622421639
80.47672959688336,8.382116915299733,1063.6937031885877,4.3190636598639776,0.17498586179643244
27.818504538102076,4.764034107485177,9115.648988849978,2.872729060442136,0.6005187658562461
93.09858606412827,4.745660276417378,8214.049667109486,0.8704547589617441,0.5796161371909858
144.49128698569945,9.99257418644148,7612.347272941581,3.484051436198574,0.7770202170147209
42.789382506495755,4.997351621921841,535.2248721907472,2.615829035916519,0.15054725152266987
109.70063580668655,5.1059787721440895,8445.101487467062,3.2879719639353073,0.6194061897776639
46.12137952567734,3.0052271260903964,4408.5385552585685,4.459468321601158,0.609834438793045
89.65759898150057,9.965352273004141,3456.831476793803,2.258129396214626,0.40302540095235845
32.56793845407355,9.340758505673078,5487.4397922024955,4.515770353765043,0.4384325699333185
78.54822171356406,8.018631480725425,958.9647650993804,3.7782781699801093,0.2792361368386149
118.30123275638199,9.002126111510737,7578.633166056368,2.4941641368021257,0.5889100665022178
65.18429815106768,4.216388539395934,5845.229015038544,3.055788464724022,0.5820687308443055
106.43852418333834,6.6665887567006035,1906.5714638880168,1.6953475493431562,0.26030827895629244
123.4084949026648,5.809755098790247,1922.9103877020036,4.9196267687199935,0.37759597132064837
140.53311653232885,3.750212210056132,1883.2740831481085,3.3700206989469406,0.431928244633274
50.50347064120896,6.889043881719393,617.1737561417432,0.3148495772334865,0.24100347745822912
71.91106905521005,10.365917202741084,5898.5945712482635,1.7004473381652432,0.66908152653367
39.814081732954264,3.320472952405556,8411.464367005656,3.154240725419382,0.6814286700238358
149.02285528058877,5.331687307950351,224.10722917451656,0.376033061216275,0.23030194882165678
140.5101258301584,4.660327489645628,537.5962174641718,0.21703253746379958,0.3915381394578849
90.19442693647275,4.9051732293255705,5749.064253035111,2.3051187736862326,0.4097077699145689
129.46432826893476,10.267476415035002,8203.98206959122,1.7301818804940832,0.7958487927653428
87.72453704536548,6.744552433874321,3301.0519611579043,2.247663179362513,0.3138533015925272
101.06613944035877,6.73039530351855,3528.6632681368355,1.3871972184120256,0.2746921845869867
31.58617617508216,9.084605139642258,5983.64765009292,0.9071169600206065,0.44836238344071705
118.18515466458503,4.235937632039406,2778.4182467852625,3.476802449203655,0.5203128771512744
36.602752872580524,6.898122832800406,314.7532424729571,2.6213984697122226,0.1476689094682229
127.3887919328287,6.439881712968478,7365.523755110881,1.0807556351218977,0.5259421453354232
121.66365139715016,7.775285524373249,6275.216633767459,1.665988188673992,0.4084572369076849
112.13681070658694,10.996461626003509,5828.522190603808,2.9998587475502974,0.805273503224796
24.700849468219076,9.155591152656378,7429.75708346864,0.4539238065351414,0.43168167175108796
59.40668627289272,6.1829256241394175,6768.5468337422735,0.8225197454042799,0.3228371165059497
54.20463408840957,9.620424418192375,2098.5257823742954,0.45890346012621164,0.38730890518167127
66.81773297129749,4.3656669064998415,3557.1864170863437,4.080354930299182,0.5165877208706199
31.39355707929901,3.243709490471681,1304.7959097023188,3.7868052427388457,0.4108175270596637
141.80451699403818,4.635586979714184,1342.0772835079163,3.79123336620836,0.5342245977372022
91.99429129260892,5.723292448914077,6778.147676247565,3.609994183032538,0.479974741159951
59.71816038554306,7.084646059676479,8593.071064475856,3.3799885759823596,0.4448080410712238
71.60759721965684,7.921033124329599,9629.189209418333,2.4372603853530577,0.5084226258389967
78.13633026562863,10.284845737715374,6302.053819616972,3.247163001184864,0.696957336319087
98.07726333688025,7.078832076403661,1881.8081674415218,0.2879716184610758,0.2057901530396676
87.03832560054471,7.010205157005835,1101.2209372168604,3.1451756710182446,0.24565950155930025
139.52095651787425,3.401944078583857,8137.86716679074,3.9116007571306985,0.8127121081571745
84.60525277775794,3.2792924212497905,5808.626939781992,2.5517559658835123,0.6418317315485195
148.98054192703066,7.4092796953309765,6201.935959086512,1.8518153092934613,0.5680953169808425
130.68524450686243,6.505428905986756,7825.547783109357,1.4593910005247979,0.5314733302486143
47.106366866453655,9.713443159842388,7047.608415937893,3.2497300457942044,0.5071457798506289
140.9773779037091,4.285436677694761,8352.859615918162,3.494725873286553,0.7961288037490273
35.12763172511189,3.199773296936397,609.3283593257909,4.367741239326459,0.48044393680291697
126.2684621038549,6.592310143441007,7487.830335627723,1.7774370040588547,0.5607665708019376
69.48102815195541,4.89982845401806,8515.984935354849,3.8718843061893695,0.5329710042736595
134.13666165785904,3.3969149867106996,2897.0436724602278,2.850643538527756,0.5921929425591205
132.84736971396853,8.796786294781032,6422.450376232866,4.425898804322587,0.5695287688179703
124.77030201529075,3.89274399965798,3175.9125351778725,2.6862793306485417,0.561185910044095
122.70395671991798,7.8665560000621735,9581.812111500418,2.6363861591500397,0.5739153908198016
59.608288082745304,5.248398001335113,382.5645457332624,2.931597699060455,0.23473418441448057
30.51950679666278,4.387968402840176,5818.9387961379025,3.771645240197929,0.4478627083913472
72.38742323947099,6.03801218335454,1706.710293142675,4.826983346259459,0.14442632338164324
42.55818694824613,9.41156620978363,7136.591041512729,0.4604604356572517,0.4354971520680924
110.34364155732003,6.1367486152365815,1800.1083200156877,0.3618295517159841,0.2529153523248337
64.99296444991212,9.006157193688445,2392.0634558886577,4.693996653295959,0.30258854359573023
146.82932611178893,4.0038903743932055,4968.989569905293,2.69639056503921,0.7363809570811294
103.32637005489316,9.182171357320634,9152.607752468937,3.113024771377987,0.6655117348457484
126.92247327246692,4.895466599253189,2156.5580028723098,2.4638756478141715,0.3619768838052147
37.228207456440295,8.419145039110983,1485.1882101251301,0.558921517776625,0.18518328541622464
132.06188269544094,7.526252438727971,7601.819476947605,3.8636379542514665,0.5343313949860111
139.95843476674128,10.433157737693499,5031.164346722613,3.7614007609340763,0.7075922094840884
83.31804944646166,6.098580143802512,9122.261868198626,1.627346275314779,0.5636945730717995
98.81288190762707,3.5293215106755236,1508.8148437404307,1.6005723016191622,0.5403847696164248
119.4252741173894,3.1532438844100232,6476.982535579241,4.2054227664370405,0.7738511350523994
42.729021543853634,9.614868487782026,2367.14750421056,0.4545505629325005,0.39377581428463804
85.33358994024752,7.197885101291457,1609.766265083811,4.417415226947172,0.27464940620967826
71.82619361040071,9.201952414679594,6850.122680814841,1.3576422804899808,0.46649745211026494
39.028618981092386,4.8754048000921175,5957.161968091896,3.0056252640019205,0.5236569743481996
67.77947489789909,5.76066996410587,7560.533210705195,4.686371477108711,0.4844570699680055
28.862400220114164,3.2408309776905515,3129.1526356395143,3.422800257529568,0.437381922743949
23.355547903433308,10.691938596592898,4507.31798100279,2.1307060810884795,0.5952527448730738
37.57161759012696,8.342943253606506,4084.4431794876637,3.4787176236365345,0.386763875157538
145.2049645065926,10.465640702074449,9841.690166466817,1.7855002179502142,0.8945114900420846
91.43883966635221,5.123971259432579,2957.8771195569093,1.4585662401110122,0.3270355094869703
145.5568809499186,7.891708889805287,2983.43152155033,4.983748061879931,0.3944570515626039
76.22472418291716,8.427999746341102,3577.7546778446435,3.7788721327809602,0.3647412724741312
60.53609730108374,5.5403976020607075,5667.711108838699,3.2591278891709066,0.45153514040342424
85.79844216923173,9.78487388012504,2560.611305424265,1.8409192517746622,0.44198796480628316
77.13651952227832,10.577291703201983,9157.134906773776,0.340888062859736,0.7637240960291386
33.73640895402671,10.078840941568036,2693.5713704193217,0.25217869257226255,0.4373089645014281
103.30742090972682,8.912535807514981,8963.366529023937,2.8154881516991144,0.607148756828127
48.08496372624795,5.219717437799632,1079.5768832835172,3.8339603330913508,0.26198757074962686
100.54643413671785,5.252928336845054,6582.79888887654,2.73315803317489,0.49352931387046195
104.52614201175994,10.706882563568303,9074.505908460525,4.219846852501662,0.856456014074447
39.76323090672425,3.0822759674855362,1729.0569120623838,0.263790012156786,0.44581736452682563
27.975451524386862,8.728399785937157,9684.853252987587,1.8970851744871067,0.513666636123861
121.49900618889717,8.649969300442098,4556.189436134341,1.2616449167534727,0.43148443877036974
79.77405509001161,7.98151632759838,9459.865328988193,2.291637543969898,0.6154147846528792
27.56129341571185,10.920870768694925,6784.359434118967,0.45464432665120014,0.6004655611108046
149.33262123206973,5.495035486109802,3050.7893552418377,4.775245043698256,0.40437115163147913
27.511472929527663,5.719774910345985,1923.6101229252088,1.1939514652398686,0.27913364159074106
110.35457975161191,3.6315152235724444,3072.163709939739,4.619308099869565,0.6038269946064171
147.87826028424377,6.5423850923499,975.5232221636161,2.186876459679741,0.1918461360695648
51.09341354807033,5.088388209878785,1481.486265116131,4.929068252950568,0.21422497223769654
38.4924179293355,5.747093617421154,1091.3713814474875,2.8148860789550327,0.07103929423905425
35.78004212491575,9.67657432204502,4258.2882602285,4.661081034461456,0.3498018388627034
59.42576918378742,10.483876108219967,7966.004843762985,0.12621004460169194,0.5083701891211015
33.13595543138407,4.485864576041485,1456.7663644525849,3.766370150286411,0.2583899649085461
109.98097442023715,5.980071452427727,1346.688310064742,4.524948200202325,0.22436174805557202
28.097933756908148,10.429044496923153,6452.118047697441,0.784630778196875,0.5571098994380062
86.22487665947266,3.494467685513781,2011.9706705822593,0.5710166734875424,0.3963745021798195
149.570591000887,3.738884224891028,1021.2198791844664,2.1804057752111827,0.5284548841475257
125.81613503578245,4.302327913649835,1710.1433531454975,4.6750266400513825,0.427115938581723
99.97852697003141,7.761702673014998,9241.127388973922,2.7576941449331502,0.641977658479519
59.81297070225952,4.20377816804798,8223.638965123098,2.684536672236488,0.6735461087111358
101.106458717913,10.744611051605869,3572.942395433186,0.7915179796666771,0.6389549778713466
88.51539030851471,6.573716218068163,6575.416634907559,0.10386860435677206,0.40021564231482476
75.3908399057483,7.012143682801331,5395.892952996979,4.06968644465276,0.4595014875355765
36.99234897622593,4.973268926443252,6787.386421651511,0.5291153586325673,0.3481033157029054
135.25854798126068,6.767682019477868,6842.577967004456,3.2058641118030877,0.45011547047151107
78.47200434677193,8.295309061096091,6305.90344984693,4.581620627124438,0.4327621544182478
45.30092653669946,9.009417095632342,2697.7086169462204,1.122394374476312,0.38911328231630526
67.80871561404766,9.030944661679303,438.11388659004035,3.3598368975608635,0.22593491269672722
73.83686782876052,7.623128901552707,4582.889480801583,0.4856230258667964,0.31041170999874906
127.57992642369366,10.234878199950858,8915.190152672503,3.058400204804304,0.7276528289123138
115.36986947298226,9.539262778448876,5716.49772225983,0.9032654326706935,0.6064491897279027
120.00963617337418,9.056384917589003,8332.290864933984,3.7061724465243726,0.6871375133294909
21.434064375724137,3.444844173443685,9916.66221246422,1.5760333444901504,0.7490340264088727
74.100019763369,3.0550236977571945,1677.981231175849,2.370615943142767,0.48663514288130644
82.57473971259208,4.699578217563784,6933.187509462724,3.0372096559353468,0.5022872720121578
22.49499598699737,8.308188751307618,6759.2210583152455,0.9392397122645739,0.29461857924886636
53.775717136854446,6.2895799110603665,9800.556701214871,3.734025311226343,0.5195658601278821
118.83767700587755,6.219250074394494,9856.727302830363,1.5829376691203916,0.5674814598895662
37.82426174476988,10.07669510583691,6882.452186655089,3.3456221135724924,0.4901677693247707
89.59031708883691,10.16450278505471,2473.967180222833,0.875586948426931,0.4362326051026857
47.97624336224088,10.273402112428686,7995.63058939946,3.4717765301111165,0.6107963393782665
21.575700703706126,5.511024612120218,1114.939885399829,0.7281215567712626,0.11721116473326129
51.35618948794039,8.528446501914093,7817.958076507705,2.18424683172292,0.4850551730840243
146.863588138307,5.173065450194957,9106.45143523973,1.3113097613204965,0.6971983304417757
124.19982454478864,4.524878664595598,3859.192277945931,3.767038722198095,0.4891532267152966
144.74496376173434,4.477059658778954,6324.821185081651,1.3839715220836855,0.6452761612852982
83.42102571042712,5.736860966908752,4329.920184363422,4.420414801337442,0.31392935988376347
34.265705828075454,6.439660958238574,4405.762297131878,4.469919035892403,0.268851517546504
91.23473356658009,9.647593368440546,3138.1903466257945,1.0625624445916508,0.4345093710398959
79.06905349279492,3.9591287477816968,7633.18972348073,3.107845130537849,0.5646196904689049
129.76642075615007,8.879406779159154,9364.956813456727,0.5298164444278253,0.7231498036913355
32.750735501951795,7.251639313514443,9410.471049382888,2.018531788047983,0.40958304885815977
83.47134781283117,5.30356274140794,1789.0737845055917,3.5952764745562344,0.2922023679033731
39.50632641021795,6.942556676262597,8753.699314082833,3.33117390956459,0.4973331794799168
62.207870495707795,5.399536558216181,7387.4428421998655,3.1610332800923793,0.5149689306523122
115.85642006041395,7.768655641906448,2565.7321368683783,1.4844502319459738,0.3219732970923231
81.88235681793965,6.470751382841954,719.4818985690698,1.9523222522285701,0.16992329081636642
68.86547706895001,4.31524423263103,2716.5728054995607,0.6044361090314023,0.42224982234937547
71.2819162141046,3.9326645964455738,9126.47195597618,3.623211820124645,0.7269293358427484
79.72807989277825,7.373565456577041,6350.127815212934,2.5690551042772407,0.3737670108939237
122.0521506988174,10.219304266288827,7224.493875933825,3.5729515984937077,0.68014238747543
135.97100956223048,5.751661492461484,2608.6658935355035,1.3198232715046767,0.27222790809994185
144.19350924551068,8.864000857780987,7207.912147969461,1.6897473203118247,0.6222924660324598
122.29744021318837,8.269290839518135,329.8089874653414,1.737655152574562,0.26478664428650095
61.00289644724165,10.452439314475848,3784.447390441487,0.2261378077613594,0.5522316804869165
109.45751179125048,9.567848138393128,6286.195817996196,1.7711345768700555,0.5967068169816957
76.88840612720095,7.532842071243704,1503.6608271361363,4.036192410238365,0.2818906546627818
53.107180865986656,8.256243985872858,8238.885565747001,4.496762629173719,0.43817766154829174
129.31330532536992,10.187091732672279,2388.5614231785903,2.6392697466160446,0.5892054657246639
24.99542536510225,6.196150276695478,6540.19707254354,2.3319583065741796,0.3113097141736417
137.22905897760506,5.614357646862219,4081.71156862453,0.25104063162691426,0.47570375190567127
79.99207040121544,3.0864886690815707,5980.63377500259,4.408101254168375,0.62566730929843
102.83619198507645,9.612408593531715,1119.1329986576359,0.16375004578677632,0.37087786875084305
105.71600988675175,9.407845603226919,218.28235921999288,4.729275393030037,0.22938328461867644
136.36530629184972,3.835636144801211,9100.166052433997,2.4971596185716445,0.7988264529723322
102.76705868173696,7.614859049061602,2732.818587233469,1.7754790185161606,0.3231028344228193
99.81136601880803,6.711853585335099,8205.786177665568,4.628670330729034,0.4927319694083019
28.664765272889696,3.9496727640728917,9993.535489698392,0.21951586623947403,0.5949607223117622
87.39304285287653,10.844545816485788,2153.7410170891662,2.948981984858527,0.586797193177538
39.52197010621542,4.7175670997068435,2688.448874774388,2.7897693700467547,0.2917473889184146
115.86638993379313,3.537873440724489,6645.454886964923,1.1746699659357724,0.6853669543157963
86.58884970564769,7.758779036015277,9656.21391427618,2.201548413616032,0.5617112101923994
108.42961129708593,8.91093341706426,9162.352764497902,3.2960936291244742,0.7729099099294413
25.417477078309954,3.2595475683774957,5053.611424652569,3.6629428647214453,0.6065666113872948
31.02296208595442,8.269741109816177,7961.34731114091,0.10351260766224094,0.4694754314192187
113.1220404481487,7.2583350076116355,1400.6712383440156,4.690581807445975,0.2916132285129196
29.37096367982754,3.8261200710003873,9775.509932829922,0.9061743247247808,0.6679238219477242
29.26337460948362,4.3801910155708965,9645.314678658066,1.2445441276895601,0.4716731873376664
21.57410178053537,7.543794378528644,1679.103130897751,1.3910198838998564,0.09625803542292238
144.3451817789324,5.370860908106307,3029.260091790911,0.28531866910497306,0.3988786683617102
115.8760867296709,10.506525829210528,1046.542225192331,0.7029554055925921,0.39891004280675574
65.92268310526833,9.549921835872407,2753.590109036888,4.933114622426394,0.31400542247229163
58.54962556739518,10.868537652109303,8168.760104681306,1.644562013148702,0.6390444284755148
65.46141986696044,5.077366711603312,3814.2402912943317,0.6649753426613417,0.3407770806001743
120.70495905355364,10.757789062383816,929.5498231102458,0.6242571797556543,0.5736835466955049
105.97817943915388,6.449870958332463,3455.1439715501,3.6253538415828626,0.3944713377890643
44.07542382277083,5.780150362510037,9814.764175700737,4.28738645375994,0.5428189642061102
42.634213593430964,3.402796215754826,6315.351772829069,1.3590662675915026,0.5477499963908345
32.79143446274165,3.422122062876821,4190.801416741269,0.20245661044265137,0.38940876529767265
105.83935356117395,8.536090047573238,1707.0582092978366,1.1931410903822437,0.21617147413713092
119.36844608882568,6.663431955472223,9862.459132972763,0.37692688490411097,0.542847597052059
54.45603568225052,4.812173008288846,8217.447642168132,0.6066351894872034,0.48058123121662916
22.722844934018667,7.911762450601861,2850.699159386648,2.214389787253448,0.18261066245834048
30.682316771935554,5.022864946000889,747.1835224258351,1.2266000172219997,0.12808945565403643
145.82180452985398,7.621054034755381,613.4242959067025,2.6281348047745747,0.31606130799891313
58.407821072064635,5.873669975861523,1247.7625875800616,1.342119390960233,0.17521424889405873
119.99900921895737,9.588417812894551,5828.647406963495,4.7086327754044435,0.5895071565630757
101.2062639510543,9.565569286134235,9291.19604099465,4.539125442838696,0.7528003814295633
69.65215315487646,6.818803184979211,4992.5971086595455,2.8773499145512837,0.2730458271924959
46.73934408542216,5.806552874680125,8437.307550439162,1.8366775607381924,0.481593524902109
35.78023436072284,5.900478372472756,4486.571867605087,1.9676197219702045,0.2790861010570745
99.95168584505267,9.445716205345743,7100.406280389861,2.118076187408035,0.5679797305352067
120.70239148291243,5.625435862380896,7332.133736000683,3.665138678461226,0.5969535674696329
103.70755296034699,4.672474989654768,1780.9388737382196,2.313031078042306,0.41256819280227947
88.93927732239058,3.6775067350024546,3644.0997868093273,4.297976737878897,0.4867391737329939
25.453659046112715,6.733544967075267,6391.1564575533375,4.726064451058786,0.3181405462106986
145.9035410872699,6.857056791358735,753.4312514344435,1.7461361515567762,0.30810906892991224
123.8328449150947,9.727269683223257,3647.3248682414182,2.8474029587408327,0.5045763729073321
58.06686477112542,4.769909571568512,5371.254689497865,0.5657770304795657,0.4473260490698118
147.39614281665058,6.047930189347199,9962.433705794154,1.082298334055159,0.6941100565651322
98.24460665272187,9.467245911149528,4771.608948093285,2.1259822568797846,0.5811545816283237
95.71494556694205,9.588988885991789,8169.764733287519,1.1103933079187165,0.555238427022668
117.24951332583917,6.076888607830146,4349.069486412846,4.395146404864716,0.4008799673891088
125.53007245171788,6.672992186293447,7974.087690066103,0.8756026546895807,0.4966232121161495
105.34221895309534,5.426287126794263,5974.377276120079,2.332738025610151,0.5088413024895934
36.652447027606,10.460439027354496,8871.624642948864,3.067926278253391,0.5976271340928359
63.97477577928479,3.9491501259326425,4138.878395883594,3.490133149988138,0.49326545017190043
140.65087324238647,10.46999538401176,6062.828977223715,1.9770399116598831,0.7025055695331032
49.20002953970075,8.470931614682746,6318.685872157333,4.35858543675117,0.36304040633442636
68.38171309887673,7.2525772214938495,4202.960270914709,2.884763840281835,0.22671323182199343
76.16999478274548,3.261272486275967,1485.904834690441,2.253588124193004,0.4588755659793238
77.12264866027878,6.804769534576066,980.9160987777387,0.4294791068549795,0.231749991457616
99.68214572428832,6.261984840021858,215.88192846634934,2.376978395381309,0.20556407399959262
142.599858906812,4.2897504958009804,8741.665929239885,4.121605619997078,0.7909461771110555
51.290052538225645,8.251276828005256,2402.9253767750106,3.111250989284446,0.31499422476857863
35.79517891911935,10.769207258946286,2154.492155353592,4.17759602327268,0.4676395986777302
45.67116368179185,7.497510488516201,7373.552234239352,2.5206571859365976,0.3661404018828851
135.30023702720504,8.718026211551567,3234.1603252195478,0.680462354962961,0.4471153955543308
103.95540564517678,3.5476036205281343,5085.144689497774,0.16683524459581725,0.590790453775482
57.16788260109082,6.341335966535958,1666.98509970969,1.5857757789210971,0.15979501194835338
126.07310206592024,3.930867881315967,9599.469928546594,3.5201533103391833,0.7298442789995363
131.97809952724668,7.902366684292083,8523.234930171511,3.9722735293143,0.6470443420369679
130.04686402973613,10.507857265713238,8644.706748501783,1.5491888896396144,0.8053763285083575
139.46044937314207,8.294221859773108,4097.398798291451,2.528704212327911,0.4565008222111499
52.791332622537006,3.6144243865153722,7635.49407638637,2.163482631727,0.5871230937894203
118.15545073701618,5.837329639880663,1481.5677461283126,2.1115616433219966,0.32199895016936175
79.8701346456382,7.405307035526812,135.75907578821375,1.2336086946807376,0.12077662945685613
129.459811875708,6.225662049066018,248.73067915137983,0.768218414644346,0.24692187542141714
114.70378803100972,9.669152083801379,5886.687287175377,1.0637739353329443,0.6231192470803908
120.9381680449642,9.517368037679914,4581.179307217011,0.37112869710039587,0.5570671196415419
105.30103889853929,7.8946481608257715,5204.252721639771,1.0708406349355275,0.40789490278463647
43.06574003106189,5.987663561061642,124.25824715133308,0.14508439836435935,0.021421682385560012
90.85349945660198,5.042690990105953,4255.731865591386,3.173566163116294,0.5641389740473367
148.00706613818608,3.8469945457050345,7194.778203948565,1.6502394961996463,0.8373367725162436
141.86044864462548,5.839181467892432,4454.802334575987,4.8684090859918525,0.5016560923378646
25.612585653611518,6.305380137661756,7335.581102806612,1.0492135488038596,0.32508674216261274
41.425926044826824,8.406583400832588,2368.538695748506,1.7945599945170103,0.21372165958920172
37.12474054909305,8.265278594380588,8140.762944593168,1.853421677343513,0.41046737062777144
114.37738829808842,3.5608651171300556,5904.890842511851,0.14141233070605666,0.7301045338235638
126.31209288140286,6.162074523449262,2147.092839327567,4.212118969893349,0.34599286354141207
47.756477620387344,4.454230937738895,2405.3687347456375,0.25677285470719113,0.27292951079047534
85.76085008373776,4.2545016425344455,6298.903122466893,4.7068811901732825,0.5427340345298696
129.291393641456,9.618417197897967,8307.898952463811,4.471164320358741,0.7652290056665463
115.26420081961258,3.3353217337300602,4185.496431190094,2.7240573888212216,0.7241319437952722
90.49083671394028,6.353463007216971,2620.0892698195426,2.7636183170653315,0.35637157334898356
96.74519975964047,4.3456292461321455,8676.765488760475,3.3035118224851665,0.7067591156765516
86.0868710991164,10.034641725427793,6709.219502920807,1.9965450584809463,0.5967532916962385
58.681298671446676,7.456324106200281,4508.450598466611,3.271389188649492,0.1375865652253287
93.4528590716721,4.851045091014784,4904.606943029054,0.3193651045735857,0.4632790414664818
109.55508926651179,7.019418297331011,2082.3518559671443,0.3648333740136602,0.27261628475042354
133.53197906190502,8.851890877624927,6286.686169145197,2.3404290561357675,0.5665006975290763
102.71787601730225,10.664944071355471,3619.487979901742,2.7931492754195717,0.6029863555688223
118.94579981561054,4.7635680339633515,9956.669507909775,4.450306437645513,0.6558884128668246
40.80931254409449,10.08945417703476,4827.825976855784,0.6128371061486917,0.4892328383628838
80.00247167457269,10.474432913339921,4884.561781586651,4.1309748432500575,0.6204582464184766
21.21311057752213,10.331364356256529,5680.225284736185,1.1292319527311412,0.5367281913038435
52.06825238781099,8.083314854895278,9171.72223103153,2.031009877699156,0.5422500371126018
114.44002296469063,8.038565235477662,8018.140093604516,1.6513519306543234,0.5776570590498407
148.93529367541726,6.225685065470582,4538.744194488522,2.0607608370404553,0.4383248446153477
32.89315294633807,9.019183058430304,7201.0576964293205,0.8374279405556693,0.4344770750354045
72.19426106196747,7.250352146807455,5883.043212868578,2.5674933645774196,0.3763460997967011
124.00922593089074,8.419504569826355,4949.052134577427,4.0280486901737,0.47056397291977203
46.52463250175685,6.427663230790364,1963.5419392042877,2.2635166508565954,0.23004003445756094
92.1610434092972,8.851971712345112,4666.165821376165,2.504006521901176,0.45527033743154355
115.29926848385773,9.595772140836392,2495.8949408746175,4.258961167878439,0.5518417796409478
100.07810853382327,4.171490052822529,9152.679391023965,3.559684761726351,0.8243752445178869
44.4432155000041,9.663437724593823,3387.297794288652,2.5032266017469453,0.372472360459226
66.19999392914613,7.322372254322458,9525.026944607054,1.3627086761269807,0.316186528541051
121.89293198310163,9.757327272721795,5353.900136442377,4.436141059540336,0.6523631647532756
92.04944683716217,6.450413650728117,6333.866567827795,2.927399968283736,0.4019368036801706
20.679849760578655,6.03232388306428,5452.257422668811,1.1836232895423977,0.24976505821102163
118.9287988036522,10.32048586013778,1337.3371388186738,1.418686787926251,0.4670413048490035
24.59047614223108,5.00935414038721,3789.4211291290126,4.035352135787605,0.2753903694412346
116.94539175506017,9.753698602289145,1036.5038171623582,0.31631325422853174,0.4277351502584794
46.322472821480865,6.872164580075233,6248.392739624648,4.961251716441218,0.27295702557263896
144.54955241551943,7.112763540410078,4496.398242244367,0.7387232306024798,0.37792039956708706
67.83229766927099,5.467746251915872,7790.950467130821,4.000735774444993,0.5094020567470896
62.50111012395028,7.584337604952125,2243.68128594373,2.034399052181246,0.24657439573409923
39.35544654321781,5.6016895702096905,1687.4322813718825,2.511859298108588,0.22423040864064564
59.72854801372794,3.3141553139332185,4093.0056980894897,4.415187829576431,0.5158731578001614
133.96459903766606,5.175988842754848,9269.524563022893,2.123264828987145,0.6310865723208088
149.52346389154215,3.0510323472527254,7118.697059373497,2.7337193929988493,0.8410565385943873
67.88023896589029,10.826838296454852,4218.290066689541,0.3415683458049327,0.5913076587553449
78.31938202409054,10.72597767855798,5196.85808905539,0.11150262195052046,0.6921310222767713
113.86922196635581,6.16124237977844,887.9194612121285,1.299519377708457,0.15210216077776323
135.2054514604597,8.826966834717169,9846.530168942325,3.4348571553019602,0.699285166630533
97.09576344428194,5.7664487872834,6680.7526817144435,0.6941979774597699,0.4006039682553791
70.89834076311782,8.36874525668781,2889.7704812110537,0.6574335981422922,0.1959743115938469
73.64083931032108,9.443440344367833,5878.7935224416815,2.113706979375926,0.5390016306937577
110.43035904458489,10.574049957537927,1139.3495423864902,3.27440148918031,0.533188854132708
20.418374268556228,6.201698206797376,9660.074854635457,3.5891527620148596,0.48663930174347003
100.54661386977929,9.266383863648382,1789.110629439491,0.9744083030820365,0.39862245827444437
66.21409135737646,5.12742760505695,6497.901664649381,0.48998192212300806,0.4229196538837485
123.24565306602095,10.922658430349188,2492.271902262358,4.707945466333166,0.6140901274446409
32.08878317700718,3.206156790114809,7189.735757352931,1.3772652745542986,0.7546106711079695
96.46629470329077,7.828230452008968,7779.372604040796,4.2813978382827464,0.4944556543431544
82.52647568519609,8.276047853210617,6750.526302668754,4.331108107267809,0.4969533299142298
103.50231836767956,8.50436445659303,6164.269629539166,3.8853606996364682,0.48367540194415587
28.430967282785886,3.963100630312712,8930.067484822517,0.9272846725975934,0.5139398765057327
95.39789236565707,10.508238267785043,832.3357743480925,4.126827150345582,0.3595323285478529
92.99299643473809,4.449466232400662,3342.601919512942,3.8693277402837754,0.40830698373214525
92.88581227410222,7.982027225918729,2520.4604223269175,3.023942651520464,0.344618729761754
98.45339665753913,4.78140863298468,9880.738922550945,1.7522899723278687,0.7137173180251782
107.94083183942709,5.457731336170167,3924.4283076853912,1.3862921609060663,0.4410372139746067
124.64856995850006,7.371668333824995,7339.496357441967,0.697257139193759,0.4647177495477859
55.07669361666787,6.337547348516612,6863.015380615995,2.59780962781427,0.472609945664762
127.25642332340807,4.28180480781205,2160.2083128999084,2.967778289998248,0.4172186645952221
84.77323869424897,4.367491219366786,2428.0269181049357,1.8607610535273575,0.40081066375582997
30.01757628746305,6.345158305302397,2848.7814073526893,2.429259431636256,0.192264817602988
27.611620801717294,9.058263826204005,4140.716418680823,1.881220841109407,0.3060645715723174
63.45098143048791,10.18371717478231,2381.5344032227417,3.2409296808714365,0.4888403701006551
122.03660702449078,3.6730212980750627,245.53225333113565,4.51617011820316,0.42749765421072944
111.99852151631904,6.1448312604752084,8799.960915231595,0.90320928403003,0.49769999370123885
122.51994540741283,3.801964509783013,9657.817822239796,1.9689031685253051,0.8144678499350109
87.24497733740921,3.132739845060783,3448.625350964101,0.7902561593592204,0.570001225961816
77.22586973421377,8.293749461151652,3418.143450283455,3.162224474998377,0.4842578234699837
39.16882847181691,7.819595535732702,120.56353710499133,3.6714654964941196,0.14600595705990782
62.6650579692105,4.30415291051909,6818.494348887222,4.666372389727534,0.5236257824324697
76.42251760260379,4.870502664744513,8263.126962698856,1.4664724386787282,0.508745068031319
31.51805585835024,3.189662029156147,1508.7525885820314,4.756034908740608,0.33726041493281456
48.67955385245746,9.67957764555523,1638.6801762031498,0.40998709192130656,0.2481761384406121
97.76928822828604,10.797524768388412,7911.328337215806,3.0547679304864825,0.7916591776729722
115.63620485109467,4.083676294357526,6182.092946123739,0.37995032478231694,0.6876567364745269
149.78517648108345,4.851801710122385,496.3625483957843,4.47949352003353,0.44759825943748305
141.3047330746625,9.947276191575472,6244.342555099703,2.6960643796432655,0.6892653794661954
103.5334759395749,10.411710383649478,3123.731342295472,3.3798069187377013,0.5318264603159664
74.76224692822936,6.357019062454483,3718.815296934917,4.174712236961217,0.3140991351498768
102.70305741207025,3.404979778152593,7708.827612053958,0.836522050171447,0.7218007300959145
122.13471035043015,3.315134669542555,8118.805167092475,0.2890986534968558,0.8934259004204662
35.38370482004035,7.5915989285520835,4033.548437056315,4.406517614972976,0.24147685924947124
73.28763566051748,6.143160871145432,9474.17171326323,1.6431728145487694,0.526864386817126
129.17429713263024,3.229219420621236,4094.3040436231186,0.7319966488431098,0.5618372426857974
69.89828375129572,7.666019138500454,7729.768550539594,2.395460061726724,0.4407029818472556
94.34339525953425,3.0904202927121798,4864.578782414377,3.0316997709104925,0.7152414903044944
96.41001691208577,9.298975665194185,8980.446648894736,0.2517559567702996,0.5791421780233821
43.981912907373115,5.451462581626973,9082.224374319278,1.44698872545973,0.4635346474114697
67.09060741479749,3.322064024073857,919.7972383172844,0.2607193839567905,0.46685097515275975
63.48646753645118,7.7068177678652265,9368.108646536746,2.159643407057945,0.4342461600125049
23.405572109168425,6.1814753154644375,8264.071673128135,4.485990142424597,0.46565437972399215
23.144929305876182,10.790403306857197,7923.541607411035,4.914996816318489,0.646749292007517
128.12061567785054,7.3535893000296175,2049.067829870948,3.221533012167775,0.2987257465802499
55.49920529646561,5.201913448296066,8060.936127108916,0.8920246995444999,0.4346094529500703
87.350239611046,8.675510917071797,8508.820710116117,4.538662010996598,0.5833874250574598
58.834324566540495,5.171936020341691,2927.045827818802,2.6296143336802964,0.4211059137797159
142.28830186499425,10.23394633126052,9524.987779705121,0.8533716293042987,0.8817189813291928
53.708578652550585,5.9977757640590115,546.1084566716843,4.616460680313141,0.11499088991876001
75.85538565606156,7.398948502209642,1541.5970698090396,3.811598348543205,0.2686339503077443
133.45493256299824,3.404584830593831,5398.932323612567,3.685355836343443,0.7014277812116562
129.45136368293512,6.408969903617846,5779.135087666981,3.5749854485925834,0.5424507825436119
44.19318432001605,9.65890831728796,6469.243328843989,1.0816651233725676,0.5262057206818727
124.34363027344236,9.445190442906735,218.84283668889125,1.1339327893668778,0.20631157668393904
79.56429527592604,4.79454847082821,9605.649407490197,3.47263569229355,0.585181133378897
82.78595337109618,4.8086325680845015,493.6515227047327,1.176641475540945,0.3159199833451691
37.35239641407269,9.538442497705894,1473.4664295978537,2.2494913143349398,0.2775895928547884
30.478196788426203,10.443187361354603,189.44444938426696,3.9318089454103133,0.2751607698298263
114.63210990658948,3.7628873701840284,5690.241411276242,3.941367338679421,0.6161012106561771
84.53994980618897,6.600469115409802,9326.055495013674,2.3209826853767126,0.43925509787965833
76.79059133997333,5.699634231713832,6676.174302500619,3.9817306975487012,0.4436457036958793
114.83606972481158,9.965507643659514,8235.441811380253,4.209246801370478,0.8296011548339938
119.51667686884427,3.66819931744015,182.1479744128718,3.3084011812928753,0.49400775530150287
40.65806179701596,4.689007540464299,5443.052219873274,1.2192866763112589,0.5145468955549052
99.32926943209337,9.019746700691954,4622.6516261799425,1.4426577238891831,0.4867972542910612
37.59603069609912,3.4103507918497247,5014.731044996891,1.6427216615028035,0.5872976578353937
117.67876118377593,6.940283045714314,768.5211940851201,0.6723401278963648,0.3382063317574533
105.40417031472813,6.53685627743776,6860.131842639609,1.4384821398127312,0.48512511749109655
144.35990074084953,5.675209431909989,5057.043127843413,1.1266441991314076,0.48145187423226365
28.964542126334756,6.15657852255139,7663.231056119576,2.331110874062151,0.44191223773274735
27.41711374966306,7.2395246954418635,4878.641808914068,4.551343984574098,0.3407253369188909
56.68431971011602,4.290938867107065,1536.3472804529993,0.6119535520943946,0.2886289757892704
